"id_table","firstname","middle_name","lastname","user_email","user_password"
"1","admin","","","admin@globe.joff.in","cGFzc3dvcmQ="
"2","Kavitha","","Kanaparthi","simmsimm@email.com","cGFzc3dvcmQ="
"3","Gunjan","","Shah","gunjans.shah@gmail.com","cGFzc3dvcmQ="
"5","aaisus","","","aaisusingh8154@gmail.com","cGFzc3dvcmQ="
"6","test","","","test@gmail.com","cGFzc3dvcmQ="
"7","Kk","","Kk","cva@gmail.com","cGFzc3dvcmQ="
"9","Uma","","Valluri","umavalluri@gmail.com","cGFzc3dvcmQ="
"10","kartik","","","kartik_prashar@yahoo.com","cGFzc3dvcmQ="
"11","test","","test","testttttttttttttttt@gmail.com","cGFzc3dvcmQ="
"12","saurav","","","sauravcse07@gmail.com","cGFzc3dvcmQ="
"13","BIJENDRA","","SEMWAL","bijsemwal@gmail.com","cGFzc3dvcmQ="
"14","rheafiedler4","","","ethelecamachoxb@yahoo.com","cGFzc3dvcmQ="
"15","coolmanishdhiman","","","coolmanishdhiman@gmail.com","cGFzc3dvcmQ="
"16","sauravnew","","","sameersaurav07@gmail.com","cGFzc3dvcmQ="
"17","gingerpichardo","","","bel@b.solarlamps.store","cGFzc3dvcmQ="
"18","justinedoolette","","","yuriycrfgo@outlook.com","cGFzc3dvcmQ="
"19","rahul","","","rahul@test.com","cGFzc3dvcmQ="
"20","rupesh","","","rupesh@test.com","cGFzc3dvcmQ="
"21","otisgarey9","","","otis_garey43@guideheroes.com","cGFzc3dvcmQ="
"22","moniquemaclurcan","","","zulemashurtliffsdhd@yahoo.com","cGFzc3dvcmQ="
"23","saurav","","kumar","saurav@gmail.com","cGFzc3dvcmQ="
"24","Rama","","Vedashree","vshree@hotmail.com","cGFzc3dvcmQ="
"25","krystynamacvitie","","","carashelstadvdyv@yahoo.com","cGFzc3dvcmQ="
"26","Krishan","Sood","Dev","kdsood72@gmail.com","cGFzc3dvcmQ="
"27","Manjusha","","Inglay","imanjusha@yahoo.com","cGFzc3dvcmQ="
"28","Mandeep","","Singh","ghim.mandeep@gmail.com","cGFzc3dvcmQ="
"29","rosalynpresler","","","willytoy1132@uiscape.com","cGFzc3dvcmQ="
"30","barrychunggon69","","","joker27@exnik.com","cGFzc3dvcmQ="
"31","Shivi","","Singh","shivi1211singh@gmail.com","cGFzc3dvcmQ="
"32","Bharati","","Shah","bharatinavneetshah@gmail.com","cGFzc3dvcmQ="
"33","Alfredo","","Miranda","alfredo.miranda@gmail.com","cGFzc3dvcmQ="
"34","Prachyi","Raizzada","V","prachi.jd@live.in","cGFzc3dvcmQ="
"35","sherrypridgen89","","","gudequciz@zookeepers.co.uk","cGFzc3dvcmQ="
"36","estelleweddle","","","sh.eikhs.h.ohel.589@gmail.com","cGFzc3dvcmQ="
"37","clairehollander","","","clairehollander18@pound.pumez.com","cGFzc3dvcmQ="
"38","carolynvisconti","","","s.h.eikhsh.o.he.l.58.9@gmail.com","cGFzc3dvcmQ="
"39","nanceecovington","","","marsha@b.homeimprovements.site","cGFzc3dvcmQ="
"40","BHUPISUHAG","","","bhupisuhag@gmail.com","cGFzc3dvcmQ="
"41","lahdarlene","","","darlenecolton60@pound.pumez.com","cGFzc3dvcmQ="
"42","Priyanka","","Iyer","priyankaiyer46@gmail.com","cGFzc3dvcmQ="
"43","rosemary7627","","","herthagervaselbjo@yahoo.com","cGFzc3dvcmQ="
"44","russbohr324127","","","toshiko@a.wifisolarcamera.store","cGFzc3dvcmQ="
"45","ellenhall314","","","reb.or.d.er..passe.re.t@gmail.com","cGFzc3dvcmQ="
"46","mireyabinkley87","","","jewell@weihnachtswunsche.eu","cGFzc3dvcmQ="
"47","nannietruong","","","r.e.b.o.rder.pa.sser.et@gmail.com","cGFzc3dvcmQ="
"48","rodrickhixson4","","","a.z.a.r.a.t.mit.rion.zi.n.t.o.s1.1@gmail.com","cGFzc3dvcmQ="
"49","christianeflourn","","","rebord.er.pa.s.s.er.e.t@gmail.com","cGFzc3dvcmQ="
"50","belindafreeleagu","","","rebord.e.r.pas.ser.et@gmail.com","cGFzc3dvcmQ="
"51","milopinckney10","","","r.e.bor.d.e.r..p.as.ser.et@gmail.com","cGFzc3dvcmQ="
"52","grazynahamblen","","","r.eborder.pa.sse.r.et@gmail.com","cGFzc3dvcmQ="
"53","raphaelgarvey4","","","raj@famousnews.site","cGFzc3dvcmQ="
"54","Ratan","","David","rdavid.0911@gmail.com","cGFzc3dvcmQ="
"55","yettatrego","","","r.eb.o.r.de.r.pas.sere.t@gmail.com","cGFzc3dvcmQ="
"56","chanelmxa606","","","chaneltomholt40@pound.pumez.com","cGFzc3dvcmQ="
"57","skwjacinto","","","jacintocarney27@short.mixwi.com","cGFzc3dvcmQ="
"58","etheltorrez34","","","cristenschmeecklesdip@yahoo.com","cGFzc3dvcmQ="
"59","mtsstephan","","","deborahjoey@photoaim.com","cGFzc3dvcmQ="
"60","wernerivv47","","","wernercraig47@pound.pumez.com","cGFzc3dvcmQ="
"61","","","","khajuria.nitish@gmail.com","cGFzc3dvcmQ="
"62","aline27p64841878","","","grazyna@h.handwashgel.online","cGFzc3dvcmQ="
"63","borisfitzgibbon","","","borisfitzgibbon79@pound.pumez.com","cGFzc3dvcmQ="
"64","gordonwagstaff","","","gordonwagstaff91@pound.pumez.com","cGFzc3dvcmQ="
"65","christi47o","","","christi-burchell80@guideheroes.com","cGFzc3dvcmQ="
"66","oliviarule93820","","","oliviarule34@pound.pumez.com","cGFzc3dvcmQ="
"67","herbert24o","","","zoiladraper@pecinan.com","cGFzc3dvcmQ="
"68","","","","gpintu061@gmail.com","cGFzc3dvcmQ="
"69","RAJEEV","","","RAJEEV.C.CHAWLA@GMAIL.COM","cGFzc3dvcmQ="
"70","kathir1980","","","k.kathir1980@gmail.com","cGFzc3dvcmQ="
"71","floridaejr","","","uta@b.solarlamps.store","cGFzc3dvcmQ="
"72","leoradubose23","","","analiese@medicalfacemask.life","cGFzc3dvcmQ="
"73","sandygantt545","","","sandygantt2@pound.pumez.com","cGFzc3dvcmQ="
"74","retajowett2","","","nbriea5yn56aeg@outlook.com","cGFzc3dvcmQ="
"75","frederickhellyer","","","e14@exnik.com","cGFzc3dvcmQ="
"76","marianne18i","","","gregoryroperoup2s@yahoo.com","cGFzc3dvcmQ="
"77","korylarue779241","","","christikittredge@0815.ru","cGFzc3dvcmQ="
"78","cindakelleher","","","mel@odzywkidorzes.eu","cGFzc3dvcmQ="
"79","novellacarothers","","","loretteartingerhxje@yahoo.com","cGFzc3dvcmQ="
"80","abraham","","","abrahamjul@gmail.com","cGFzc3dvcmQ="
"81","federicolabarre","","","federico.labarre85@usamami.com","cGFzc3dvcmQ="
"82","jodytaber08301","","","seofreedownload2@gmail.com","cGFzc3dvcmQ="
"83","","","","idsandeep@gmail.com","cGFzc3dvcmQ="
"84","jonnierutt22867","","","rodgercoggins@laokzmaqz.tech","cGFzc3dvcmQ="
"85","mickeybayldon","","","frances@g.brainboostingsupplements.org","cGFzc3dvcmQ="
"86","xzzbrent97361","","","fixphoto.presetsde97@gmail.com","cGFzc3dvcmQ="
"87","fannybetz11","","","fanny.betz@kinosmotretonline.ru","cGFzc3dvcmQ="
"88","linjefferson6","","","lin.jefferson@kinosmotretonline.ru","cGFzc3dvcmQ="
"89","danialthompson","","","danial_thompson@kinosmotretonline.ru","cGFzc3dvcmQ="
"90","edgarlett43","","","ismaelkeys3391@dvd.dns-cloud.net","cGFzc3dvcmQ="
"91","aracelyauld1","","","aracely_auld@janestrinket.com","cGFzc3dvcmQ="
"92","mileshersh","","","lenniehoernerozaq@yahoo.com","cGFzc3dvcmQ="
"93","dewittallsop","","","dewitt_allsop90@kinosmotretonline.ru","cGFzc3dvcmQ="
"94","simonehardie55","","","simone.hardie@kinosmotretonline.ru","cGFzc3dvcmQ="
"95","kermitwallner4","","","kermit_wallner31@kinosmotretonline.ru","cGFzc3dvcmQ="
"96","gwenh6330478","","","tommyjohnsonjwdi@yahoo.com","cGFzc3dvcmQ="
"97","AMRENDER12","","","amrender123@gmail.com","cGFzc3dvcmQ="
"98","renatopie762585","","","renato_cobbs98@lostfilmhd720.ru","cGFzc3dvcmQ="
"99","chrissolorio","","","zahara@b.solarlamps.store","cGFzc3dvcmQ="
"100","dianeknox080855","","","phillip@obesityhelp.online","cGFzc3dvcmQ="
"101","simonepainter","","","myrtia@a.gsasearchenginerankerhelp.com","cGFzc3dvcmQ="
"102","tarah65232642163","","","tarah.lavin40@lostfilmhd720.ru","cGFzc3dvcmQ="
"103","tammiefifield","","","tammie_fifield14@lostfilmhd720.ru","cGFzc3dvcmQ="
"104","keishaelt0800","","","kristoferwhitehurst@8.dnsabr.com","cGFzc3dvcmQ="
"105","freshnewso","","","freshnews11@hotmail.com","cGFzc3dvcmQ="
"106","stephanbeltran","","","stephan.beltran42@amazonru.ru","cGFzc3dvcmQ="
"107","rachelgarland8","","","rachel-garland34@janestrinket.com","cGFzc3dvcmQ="
"108","antoinettesoul","","","antoinette.soul69@janestrinket.com","cGFzc3dvcmQ="
"109","andreatarver4","","","madeleinedeguireomaw@yahoo.com","cGFzc3dvcmQ="
"110","joelcoles76669","","","joel_coles7@janestrinket.com","cGFzc3dvcmQ="
"111","trevorhargett4","","","trevor.hargett@su.dylanprotool.ga","cGFzc3dvcmQ="
"112","Groover","","","amangroover@gmail.com","cGFzc3dvcmQ="
"113","Nidheesh","","","pnrg6786@gmail.com","cGFzc3dvcmQ="
"114","brittneyloader2","","","brittney-loader@lostfilmhd720.ru","cGFzc3dvcmQ="
"115","cherylferris1","","","dave@j.bettereyesight.store","cGFzc3dvcmQ="
"116","carahellyer","","","juana@j.bettereyesight.store","cGFzc3dvcmQ="
"117","genawinters1753","","","gena_winters@janestrinket.com","cGFzc3dvcmQ="
"118","adrienemccarthy","","","taneshaprell@23.8.dnsabr.com","cGFzc3dvcmQ="
"119","dulcietong099","","","elviapapsteinlilz@yahoo.com","cGFzc3dvcmQ="
"120","morrisbach582","","","admin@honda.dylanprotool.ga","cGFzc3dvcmQ="
"121","mickeyqgk849901","","","willardlovejoy8245@1mail.x24hr.com","cGFzc3dvcmQ="
"122","leoseiffert","","","danilohamm5567@pecinan.com","cGFzc3dvcmQ="
"123","kassienolte3","","","kassie.nolte44@amazonru.ru","cGFzc3dvcmQ="
"124","casiec9680163","","","casie.kenyon67@tempr.email","cGFzc3dvcmQ="
"125","casieainsworth","","","gracecolon5889@tempes.gq","cGFzc3dvcmQ="
"126","lolaaitken60","","","lola-aitken1@amazonru.ru","cGFzc3dvcmQ="
"127","annecka0256","","","anne_odonovan23@amazonru.ru","cGFzc3dvcmQ="
"128","evonnemarden3","","","evonne.marden23@amazonru.ru","cGFzc3dvcmQ="
"129","latashialonergan","","","latashia-lonergan@amazonru.ru","cGFzc3dvcmQ="
"130","jackiemetcalfe8","","","christelcallaghan8415@8.dnsabr.com","cGFzc3dvcmQ="
"131","edward6790","","","edward-lapointe66@amazonru.ru","cGFzc3dvcmQ="
"132","jamilaskillen6","","","jamila.skillen13@tempr.email","cGFzc3dvcmQ="
"133","dustingoff","","","dustin_goff@tempr.email","cGFzc3dvcmQ="
"134","uscaleisha","","","aleisha.wroblewski@tempr.email","cGFzc3dvcmQ="
"135","shantae89j","","","shantae-mcnicoll@tempr.email","cGFzc3dvcmQ="
"136","danilokeartland","","","danilo-keartland7@tempr.email","cGFzc3dvcmQ="
"137","tiffany77e","","","tiffany-oliveira12@tempr.email","cGFzc3dvcmQ="
"138","liliamoen3","","","lilia-moen@tempr.email","cGFzc3dvcmQ="
"139","hiltonsturgis1","","","hilton.sturgis@tempr.email","cGFzc3dvcmQ="
"140","odelllipscomb8","","","odell_lipscomb59@kinomegogoo.ru","cGFzc3dvcmQ="
"141","stuartbock432","","","stuart.bock@tempr.email","cGFzc3dvcmQ="
"142","jerilynedo","","","jerilyn.mouton92@tempr.email","cGFzc3dvcmQ="
"143","michaledarcy7","","","michale-darcy49@tempr.email","cGFzc3dvcmQ="
"144","catharinephillip","","","catharine.phillips@tempr.email","cGFzc3dvcmQ="
"145","bertienicholls","","","bertie_nicholls44@tempr.email","cGFzc3dvcmQ="
"146","alexander79p","","","alexander_tyson80@tempr.email","cGFzc3dvcmQ="
"147","venettafirkins0","","","ronniesforzaxehs@yahoo.com","cGFzc3dvcmQ="
"148","Mahasweta","","Ghosh","mahasweta911@gmail.com","cGFzc3dvcmQ="
"149","jerolddickerson","","","jerold-dickerson@janestrinket.com","cGFzc3dvcmQ="
"150","lynnromilly36","","","lynn.romilly@tempr.email","cGFzc3dvcmQ="
"151","wdweve03559138","","","eve_vargas76@tempr.email","cGFzc3dvcmQ="
"152","lakeshahowell2","","","lakesha.howell40@kinomegogoo.ru","cGFzc3dvcmQ="
"153","nannettecourts","","","nannette.courts57@kinomegogoo.ru","cGFzc3dvcmQ="
"154","Kavitha","","Kanaparthi","ksimmsimm@gmail.com","cGFzc3dvcmQ="
"155","Sonali","","Singh","sonali.singh@protonmail.ch","cGFzc3dvcmQ="
"156","madelaineeyler7","","","madelaine_eyler@tempr.email","cGFzc3dvcmQ="
"157","aleishaswaney4","","","aleisha_swaney@janestrinket.com","cGFzc3dvcmQ="
"158","Jhansi","","Kanaparthi","jhansikanaparthi@yahoo.com","cGFzc3dvcmQ="
"159","virginiaweed027","","","virginia-weed62@janestrinket.com","cGFzc3dvcmQ="
"160","sushil","","","skb@bhasin.in","cGFzc3dvcmQ="
"161","lucianahaswell","","","luciana_haswell@tempr.email","cGFzc3dvcmQ="
"162","latanyamartinovi","","","latanya_martinovich89@kinomegogoo.ru","cGFzc3dvcmQ="
"163","Chethana","","Kanaparthi","ckanaparthi@yahoo.com","cGFzc3dvcmQ="
"164","roycebaylor212","","","roycebaylor@new.cowsnbullz.com","cGFzc3dvcmQ="
"165","sallyn9055","","","sallyfreeland95@idea.blurelizer.com","cGFzc3dvcmQ="
"166","vanjoris651","","","van-joris14@amazonru.ru","cGFzc3dvcmQ="
"167","terifrodsham6","","","teri_frodsham36@kinomegogoo.ru","cGFzc3dvcmQ="
"168","auroracarlisle6","","","aurora.carlisle@lagi.dylanprotool.ga","cGFzc3dvcmQ="
"169","earllindgren645","","","earllindgren63@use.hellohappy2.com","cGFzc3dvcmQ="
"170","icedoutjewelry","","","icedoutjewelry@hgcitations.com","cGFzc3dvcmQ="
"171","Vijayamahantesh","","Yargal","goalvijay1@gmail.com","cGFzc3dvcmQ="
"172","everette55k","","","everette-poulson100@amazonru.ru","cGFzc3dvcmQ="
"173","hellentxx7397","","","hellen_grammer71@serialnaruskom.ru","cGFzc3dvcmQ="
"174","harriettnorriss","","","harriett_norriss@kinomegogoo.ru","cGFzc3dvcmQ="
"175","shantellhepp8","","","bradleyheck4353@tempes.gq","cGFzc3dvcmQ="
"176","mackenziemaye10","","","mackenzie-maye@amazonru.ru","cGFzc3dvcmQ="
"177","Aparna","","Kanaparthi","aparnakanaparthi@hotmail.com","cGFzc3dvcmQ="
"178","Ravi","","Devavarapu","ravidevavarapu@gmail.com","cGFzc3dvcmQ="
"179","ezwila3668642709","","","mammiecosh@happyfreshdrink.com","cGFzc3dvcmQ="
"180","chanelbills0","","","aracelydeppnerbubg@yahoo.com","cGFzc3dvcmQ="
"181","charmainwinter2","","","xgeoffryev4o456xy4ige@outlook.com","cGFzc3dvcmQ="
"182","jacquiecolby","","","maisiemathews4415@panchoalts.com","cGFzc3dvcmQ="
"183","jamisonbfa","","","donniezweig1151@tempr.email","cGFzc3dvcmQ="
"184","loisdipietro68","","","mobiqrcode@gmail.com","cGFzc3dvcmQ="
"185","iejelisa79825815","","","boydbyers4581@mailcatch.com","cGFzc3dvcmQ="
"186","Harshal","","Oswal","harshal@skylarrlabs.com","cGFzc3dvcmQ="
"187","bettyforet6","","","betty.foret67@serialnaruskom.ru","cGFzc3dvcmQ="
"188","judedodd076","","","jude.dodd73@janestrinket.com","cGFzc3dvcmQ="
"189","marianfarkas","","","marian.farkas@janestrinket.com","cGFzc3dvcmQ="
"190","Grooverism","","","aman@wastewarriors.org","cGFzc3dvcmQ="
"191","chassidydelancey","","","chassidy.delancey44@janestrinket.com","cGFzc3dvcmQ="
"192","millardbinette","","","millard.binette@serialnaruskom.ru","cGFzc3dvcmQ="
"193","soniacaban990","","","sonia_caban@serialnaruskom.ru","cGFzc3dvcmQ="
"194","wendistonor785","","","wendi-stonor@serialnaruskom.ru","cGFzc3dvcmQ="
"195","mohammadduckwort","","","mohammad_duckworth@serialnaruskom.ru","cGFzc3dvcmQ="
"196","antoniotoups31","","","antonio_toups51@serialnaruskom.ru","cGFzc3dvcmQ="
"197","cathleendonohue","","","cathleen.donohue@serialnaruskom.ru","cGFzc3dvcmQ="
"198","rossdearborn490","","","ross-dearborn@serialnaruskom.ru","cGFzc3dvcmQ="
"199","marciadingle","","","marcia-dingle@serialnaruskom.ru","cGFzc3dvcmQ="
"200","chongsingleton2","","","chong.singleton44@serialnaruskom.ru","cGFzc3dvcmQ="
"201","venuslankford76","","","venus.lankford@serialnaruskom.ru","cGFzc3dvcmQ="
"202","wadeloughman95","","","wade-loughman@serialnaruskom.ru","cGFzc3dvcmQ="
"203","colleenslapoffsk","","","colleen_slapoffski24@serialnaruskom.ru","cGFzc3dvcmQ="
"204","linnierimmer","","","agustinfidelia@werkbike.com","cGFzc3dvcmQ="
"205","bradleydeffell8","","","shirley@zawrotnyinternet.pl","cGFzc3dvcmQ="
"206","tillytunnecliffe","","","tilly-tunnecliffe@serialnaruskom.ru","cGFzc3dvcmQ="
"207","wadespafford8","","","wade-spafford@serialnaruskom.ru","cGFzc3dvcmQ="
"208","porterc1039557","","","claudemoodwuha@yahoo.com","cGFzc3dvcmQ="
"209","fideliak73","","","fidelia-hartsock47@janestrinket.com","cGFzc3dvcmQ="
"210","russelldalgleish","","","russell_dalgleish@serialnaruskom.ru","cGFzc3dvcmQ="
"211","nans35056833","","","bagas@logincbet.asia","cGFzc3dvcmQ="
"212","tammycorlis5","","","tayna@zawrotnyinternet.pl","cGFzc3dvcmQ="
"213","lowellwozniak5","","","tatiana@zawrotnyinternet.pl","cGFzc3dvcmQ="
"214","yarmaynard","","","maynard.reynoso26@serialnaruskom.ru","cGFzc3dvcmQ="
"215","Adnan","","Shaiwala","adnanshaiwala@gmail.com","cGFzc3dvcmQ="
"216","gpivickie41830","","","vickie-draper66@serialnaruskom.ru","cGFzc3dvcmQ="
"217","richferry235889","","","rich_ferry60@serialnaruskom.ru","cGFzc3dvcmQ="
"218","demit9834354","","","demi-bain@serialnaruskom.ru","cGFzc3dvcmQ="
"219","carlovens317","","","nikigastonguaycsns@yahoo.com","cGFzc3dvcmQ="
"220","marquisbannister","","","q.w.enqw.e.nl.olo.p@gmail.com","cGFzc3dvcmQ="
"221","zenaidamendelsoh","","","bethany@i.wirelessphonecharger.club","cGFzc3dvcmQ="
"222","darelllampman4","","","darell.lampman@serialnaruskom.ru","cGFzc3dvcmQ="
"223","shaunan73575466","","","shauna-lamm29@serialnaruskom.ru","cGFzc3dvcmQ="
"224","Dhanashree","","Shingvi","shingvidhanashree@gmail.com","cGFzc3dvcmQ="
"225","Vaibhav","","Munot","vmunot@hotmail.com","cGFzc3dvcmQ="
"226","rebekahgwk","","","mcdonald@olddog.care","cGFzc3dvcmQ="
"227","janniemcdade914","","","mariettadante@mcdrives.com","cGFzc3dvcmQ="
"228","valorie72y","","","valorie.busby56@serialhd1080.ru","cGFzc3dvcmQ="
"229","augustinakimber","","","augustina_kimber@serialhd1080.ru","cGFzc3dvcmQ="
"230","oscar61t867","","","oscar-quaife41@serialhd1080.ru","cGFzc3dvcmQ="
"231","manietrice0","","","manie.trice16@serialhd1080.ru","cGFzc3dvcmQ="
"232","venettaandrade5","","","venetta-andrade27@serialhd1080.ru","cGFzc3dvcmQ="
"233","marisolhalley","","","marisol.halley@serialhd1080.ru","cGFzc3dvcmQ="
"234","mittiescott6627","","","mittie-scott1@serialhd1080.ru","cGFzc3dvcmQ="
"235","ernestocohen75","","","ernesto-cohen@serialhd1080.ru","cGFzc3dvcmQ="
"236","aisha65j867","","","aisha-heisler33@serialhd1080.ru","cGFzc3dvcmQ="
"237","swenoliveira627","","","swen_oliveira83@serialhd1080.ru","cGFzc3dvcmQ="
"238","jamescyi462","","","james_sweeney35@new.hellohappy2.com","cGFzc3dvcmQ="
"239","Banashree","","Das","das.banashree@gmail.com","cGFzc3dvcmQ="
"240","lucilebarr","","","lucilebarr83@study.jaffx.com","cGFzc3dvcmQ="
"241","margheritajoiner","","","margherita_joiner@serialnaruskom.ru","cGFzc3dvcmQ="
"242","celestebryson2","","","celeste-bryson@serialnaruskom.ru","cGFzc3dvcmQ="
"243","suzannepoland61","","","suzanne_poland70@serialnaruskom.ru","cGFzc3dvcmQ="
"244","briannalower64","","","brianna-lower95@serialnaruskom.ru","cGFzc3dvcmQ="
"245","hellenzis3627225","","","hellen-landseer@serialnaruskom.ru","cGFzc3dvcmQ="
"246","nkdernie906","","","ernie-pinckney33@serialnaruskom.ru","cGFzc3dvcmQ="
"247","celestetalarico","","","celeste-talarico46@serialhd1080.ru","cGFzc3dvcmQ="
"248","wildal645059748","","","wilda.ullathorne@serialhd1080.ru","cGFzc3dvcmQ="
"249","katherinabreshea","","","katherina-breshears23@serialhd1080.ru","cGFzc3dvcmQ="
"250","jonibracegirdle","","","anissarahepi@yahoo.com","cGFzc3dvcmQ="
"251","valenciadraper","","","valencia-draper59@serialhd1080.ru","cGFzc3dvcmQ="
"252","bennieshrader2","","","bennie_shrader27@serialhd1080.ru","cGFzc3dvcmQ="
"253","wiltonlumpkins0","","","wilton_lumpkins97@serialhd1080.ru","cGFzc3dvcmQ="
"254","Avinash","","Singh","avinash@wastewarriors.org","cGFzc3dvcmQ="
"255","amganibal868979","","","anibal_houle38@serialhd1080.ru","cGFzc3dvcmQ="
"256","derickemma2","","","shizukosankofftaml@yahoo.com","cGFzc3dvcmQ="
"257","landonc4814","","","karry@c.wirelesschargers.xyz","cGFzc3dvcmQ="
"258","jannie5288","","","jannie.baader@serialnaruskom.ru","cGFzc3dvcmQ="
"259","armandgiron237","","","armand-giron70@serialnaruskom.ru","cGFzc3dvcmQ="
"260","jackfetherstonha","","","jack-fetherstonhaugh@astrologyforall.online","cGFzc3dvcmQ="
"261","Joe","","Deja","findyouradventuredaily@gmail.com","cGFzc3dvcmQ="
"262","garry833612","","","garry-bowman@serialhd1080.ru","cGFzc3dvcmQ="
"263","gayellewelyn","","","gaye.llewelyn40@serialhd1080.ru","cGFzc3dvcmQ="
"264","mildred98d","","","mildred-will@serialhd1080.ru","cGFzc3dvcmQ="
"265","evarosenstengel","","","eva_rosenstengel@serialhd1080.ru","cGFzc3dvcmQ="
"266","bernardlazar","","","bernard-lazar8@serialhd1080.ru","cGFzc3dvcmQ="
"267","davidaelrod92","","","davida_elrod89@kinomegogoo.ru","cGFzc3dvcmQ="
"268","brittanyvillegas","","","brittany-villegas@kinomegogoo.ru","cGFzc3dvcmQ="
"269","Azhar","","Tambuwala","azhar@seasonz.in","cGFzc3dvcmQ="
"270","alanmowery69","","","helviegrundyl7iq@yahoo.com","cGFzc3dvcmQ="
"271","melbagilliam111","","","loreanklotzbachvazw@yahoo.com","cGFzc3dvcmQ="
"272","angelika79t","","","angelika.hendrick@serialnaruskom.ru","cGFzc3dvcmQ="
"273","latonyapriestley","","","latonya.priestley8@amazonru.ru","cGFzc3dvcmQ="
"274","mbbmamie81073","","","mamie.donnelly@amazonru.ru","cGFzc3dvcmQ="
"275","Willy","","Oppenheim","willy@omprakash.org","cGFzc3dvcmQ="
"276","Shshank","","Pundir","shshank.pundir@gmail.com","cGFzc3dvcmQ="
"277","AAA2000","","","athani@live.com","cGFzc3dvcmQ="
"278","chrissouthard21","","","pambudi@logincbet.asia","cGFzc3dvcmQ="
"279","NAVNIT","","SHAH","nps_mumbai7@hotmail.com","cGFzc3dvcmQ="
"280","zztsharyn3446329","","","ananda@logincbet.asia","cGFzc3dvcmQ="
"281","abew17120100","","","arlenacardleliqh@yahoo.com","cGFzc3dvcmQ="
"282","orvalpeeler6","","","philippine@j.olddog.care","cGFzc3dvcmQ="
"283","Psychia","","","sangeetasaikia@hotmail.com","cGFzc3dvcmQ="
"284","charisclaude","","","afif@logincbet.asia","cGFzc3dvcmQ="
"285","kandacehefner29","","","mardiansyah@logincbet.asia","cGFzc3dvcmQ="
"286","natishafong0699","","","fitriana@logincbet.asia","cGFzc3dvcmQ="
"287","namharbison4514","","","nam_harbison12@serialnaruskom.ru","cGFzc3dvcmQ="
"288","shannahorst302","","","shanna_horst33@8filmov.ru","cGFzc3dvcmQ="
"289","tiaabreu45","","","tia_abreu79@serialnaruskom.ru","cGFzc3dvcmQ="
"290","rolland30d","","","rolland-foreman82@serialnaruskom.ru","cGFzc3dvcmQ="
"291","sherriesmyth65","","","sherrie_smyth@serialnaruskom.ru","cGFzc3dvcmQ="
"292","pabloyoo10186511","","","pablo_yoo@watchepisode.ru","cGFzc3dvcmQ="
"293","milliematheson9","","","asyari@logincbet.asia","cGFzc3dvcmQ="
"294","bonnytyrrell929","","","bonny_tyrrell43@8filmov.ru","cGFzc3dvcmQ="
"295","ivyalbritton461","","","ivy.albritton56@8filmov.ru","cGFzc3dvcmQ="
"296","leannewyrick5","","","leanne.wyrick1@8filmov.ru","cGFzc3dvcmQ="
"297","feliciabeem","","","felicia_beem@8filmov.ru","cGFzc3dvcmQ="
"298","roxannerunyon09","","","roxanne_runyon@8filmov.ru","cGFzc3dvcmQ="
"299","kerrydunagan","","","kylie@b.homeimprovements.site","cGFzc3dvcmQ="
"300","antoniacorones3","","","antonia.corones@8filmov.ru","cGFzc3dvcmQ="
"301","carrifoland4718","","","carri_foland22@8filmov.ru","cGFzc3dvcmQ="
"302","wilhelminaacker","","","wilhelmina_acker3@8filmov.ru","cGFzc3dvcmQ="
"303","janinerhyne","","","janine_rhyne50@8filmov.ru","cGFzc3dvcmQ="
"304","kennyocallaghan","","","kenny_ocallaghan@8filmov.ru","cGFzc3dvcmQ="
"305","Ratna","G","Manjari","ratna.manjari@gmail.com","cGFzc3dvcmQ="
"306","aliceprettyman","","","alice.prettyman19@8filmov.ru","cGFzc3dvcmQ="
"307","qhvperry491","","","perry.eisenhower69@8filmov.ru","cGFzc3dvcmQ="
"308","makayladownard9","","","makayla-downard36@8filmov.ru","cGFzc3dvcmQ="
"309","sheilasavage","","","sheila.savage86@8filmov.ru","cGFzc3dvcmQ="
"310","vivianbrinkley","","","vivian-brinkley42@8filmov.ru","cGFzc3dvcmQ="
"311","jeniferpalmquist","","","jenifer-palmquist@8filmov.ru","cGFzc3dvcmQ="
"312","halinaschafer","","","halina.schafer@serialnaruskom.ru","cGFzc3dvcmQ="
"313","normandw20","","","normand-ericson@8filmov.ru","cGFzc3dvcmQ="
"314","ezequielschlunke","","","ezequiel-schlunke@8filmov.ru","cGFzc3dvcmQ="
"315","johannafoletta","","","johanna-foletta@8filmov.ru","cGFzc3dvcmQ="
"316","kristineamies11","","","kristine.amies6@8filmov.ru","cGFzc3dvcmQ="
"317","giax241598056953","","","gia-ledet@8filmov.ru","cGFzc3dvcmQ="
"318","annabellec90","","","annabelle.cambage@8filmov.ru","cGFzc3dvcmQ="
"319","Aditya","","Meesala","aditya.meesala@gmail.com","cGFzc3dvcmQ="
"320","chetclaude0","","","chet-claude54@serialnaruskom.ru","cGFzc3dvcmQ="
"321","terrilevay4","","","terri-levay@serialnaruskom.ru","cGFzc3dvcmQ="
"322","lyndongerstaecke","","","lyndon-gerstaecker@serialnaruskom.ru","cGFzc3dvcmQ="
"323","bencdi40483114","","","ben.mcgahey80@serialnaruskom.ru","cGFzc3dvcmQ="
"324","faye45t03675678","","","faye-sigler14@serialnaruskom.ru","cGFzc3dvcmQ="
"325","crystlealford1","","","crystle.alford98@serialnaruskom.ru","cGFzc3dvcmQ="
"326","BrianJohn","","","barganbright@transy.edu","cGFzc3dvcmQ="
"327","leiapinkston716","","","leia-pinkston@8filmov.ru","cGFzc3dvcmQ="
"328","judsonc18259","","","judson-frayne90@serialnaruskom.ru","cGFzc3dvcmQ="
"329","Sarika","","","tanveerinamdar4@gmail.com","cGFzc3dvcmQ="
"330","reaganloader92","","","reagan_loader60@8filmov.ru","cGFzc3dvcmQ="
"331","mindah37575786","","","minda-prindle@8filmov.ru","cGFzc3dvcmQ="
"332","hildaauld49","","","hilda_auld@8filmov.ru","cGFzc3dvcmQ="
"333","barryhaddon121","","","barry.haddon23@8filmov.ru","cGFzc3dvcmQ="
"334","gregcrespo40","","","greg.crespo18@8filmov.ru","cGFzc3dvcmQ="
"335","mirandaryder757","","","miranda-ryder98@serialnaruskom.ru","cGFzc3dvcmQ="
"336","kristasiddons9","","","krista.siddons@serialnaruskom.ru","cGFzc3dvcmQ="
"337","haroldseabolt79","","","harold-seabolt@serialnaruskom.ru","cGFzc3dvcmQ="
"338","rockydunbabin","","","rocky-dunbabin@serialnaruskom.ru","cGFzc3dvcmQ="
"339","nanceeheilman0","","","nancee_heilman@serialnaruskom.ru","cGFzc3dvcmQ="
"340","ismaelkernot594","","","ismael_kernot34@8filmov.ru","cGFzc3dvcmQ="
"341","sheldonbecerra","","","sheldon.becerra23@serialnaruskom.ru","cGFzc3dvcmQ="
"342","marylynforshee","","","marylyn_forshee@8filmov.ru","cGFzc3dvcmQ="
"343","isabelchild3192","","","isabel.child90@8filmov.ru","cGFzc3dvcmQ="
"344","winfred14x","","","winfred-mcgehee@8filmov.ru","cGFzc3dvcmQ="
"345","brodericksupple","","","broderick_supple48@serialnaruskom.ru","cGFzc3dvcmQ="
"346","arletha7590","","","arletha-mccree@amazonru.ru","cGFzc3dvcmQ="
"347","raquelhillyard","","","raquel-hillyard81@serialnaruskom.ru","cGFzc3dvcmQ="
"348","candyackermann","","","candy-ackermann80@8filmov.ru","cGFzc3dvcmQ="
"349","robyngreenberg","","","robyn-greenberg83@8filmov.ru","cGFzc3dvcmQ="
"350","cfadanny65897","","","danny-gist81@amazonru.ru","cGFzc3dvcmQ="
"351","dongsegal542334","","","dong_segal@amazonru.ru","cGFzc3dvcmQ="
"352","brycepollock613","","","bryce-pollock@8filmov.ru","cGFzc3dvcmQ="
"353","jeffrycastle67","","","jeffry.castle90@amazonru.ru","cGFzc3dvcmQ="
"354","terri49049","","","terri_liddell80@8filmov.ru","cGFzc3dvcmQ="
"355","Ursula","","Edginton","ursulaedge@gmail.com","cGFzc3dvcmQ="
"356","savannahguzman","","","savannah.guzman34@8filmov.ru","cGFzc3dvcmQ="
"357","nickkong2880800","","","nick.kong79@8filmov.ru","cGFzc3dvcmQ="
"358","mervinpennell47","","","mervin.pennell@8filmov.ru","cGFzc3dvcmQ="
"359","selenestorm9","","","selene.storm86@8filmov.ru","cGFzc3dvcmQ="
"360","elisenaugle226","","","elise_naugle@8filmov.ru","cGFzc3dvcmQ="
"361","philipfitzroy5","","","philip.fitzroy@8filmov.ru","cGFzc3dvcmQ="
"362","stepaniecomeau","","","zsa@gsavps.xyz","cGFzc3dvcmQ="
"363","Varsha","","Krishnagiri","varshakrishnagiri@gmail.com","cGFzc3dvcmQ="
"364","brunou8973","","","milagros@f.flynow.link","cGFzc3dvcmQ="
"365","Manik","","Dhodi","manikdhodi@yahoo.com","cGFzc3dvcmQ="
"366","stephendns","","","stephen.bellasis53@seriaonline.ru","cGFzc3dvcmQ="
"367","salinabrandt","","","silvana@g.hamsterbreeeding.com","cGFzc3dvcmQ="
"368","Srija","","Thanniru","thannirusrija@gmail.com","cGFzc3dvcmQ="
"369","Badrinath","","P","badrinath15@gmail.com","cGFzc3dvcmQ="
"370","treypvr776423076","","","trey.jury@usgeek.org","cGFzc3dvcmQ="
"371","shelliekw2253","","","shelli_samuels@janestrinket.com","cGFzc3dvcmQ="
"372","Madhuri","","Nallamothu","mailmadhu7@gmail.com","cGFzc3dvcmQ="
"373","rubinwheare","","","rubin.wheare@janestrinket.com","cGFzc3dvcmQ="
"374","mittiegallant","","","mittie_gallant41@janestrinket.com","cGFzc3dvcmQ="
"375","kurtabrams9188","","","kurt_abrams14@janestrinket.com","cGFzc3dvcmQ="
"376","bertiejulian880","","","khristina.gergedava@mail.ru","cGFzc3dvcmQ="
"377","arnettejuergens","","","arnette_juergens@janestrinket.com","cGFzc3dvcmQ="
"378","SRINIVAS","","PAI","SRINIVASPAI66@YAHOO.COM","cGFzc3dvcmQ="
"379","Burhanuddin","","Pedhiwala","burhan.pedhiwala@gmail.com","cGFzc3dvcmQ="
"380","Sunil","","Agarwal","sunil.aggi@gmail.com","cGFzc3dvcmQ="
"381","Sushil","","Oswal","mahavirelectronic@gmail.com","cGFzc3dvcmQ="
"382","MEENAL","","Bishnoi","meenalbishnoi@gmail.com","cGFzc3dvcmQ="
"383","Nikhil","","Mehta","r.b.mehta.co@gmail.com","cGFzc3dvcmQ="
"384","chariskingsford","","","charis.kingsford24@seriaonline.ru","cGFzc3dvcmQ="
"385","andresfurr38","","","kristen@c.indiatravel.network","cGFzc3dvcmQ="
"386","Jenil","","Rambhiya","insane.nawab0628@gmail.com","cGFzc3dvcmQ="
"387","odellcharles77","","","odell.charles38@serialhd1080.ru","cGFzc3dvcmQ="
"388","harriethatfield","","","harriet_hatfield@serialhd1080.ru","cGFzc3dvcmQ="
"389","valeriajra","","","zhanaydarova.ella@mail.ru","cGFzc3dvcmQ="
"390","raulleatherman7","","","raul.leatherman@serialhd1080.ru","cGFzc3dvcmQ="
"391","laurellayton449","","","janifer@e.hamstercage.online","cGFzc3dvcmQ="
"392","alvap507291494","","","alva.stansberry@8filmov.ru","cGFzc3dvcmQ="
"393","whitneyboreham","","","putskova.lelya@mail.ru","cGFzc3dvcmQ="
"394","elviraseddon","","","marina-reunkova@mail.ru","cGFzc3dvcmQ="
"395","siddhartha","","","siddhartha.bharti1@gmail.com","cGFzc3dvcmQ="
"396","joeytucker","","","jamesbartlettw4du@yahoo.com","cGFzc3dvcmQ="
"397","aleishablacket","","","lucila@firstaidkit.services","cGFzc3dvcmQ="
"398","Ashish","","Kapadiya","ashishkapadiya2003@gmail.com","cGFzc3dvcmQ="
"399","owckiera843","","","shandeigh@e.hamstercage.online","cGFzc3dvcmQ="
"400","Yamini","","Sawant","sawant.yamini@gmail.com","cGFzc3dvcmQ="
"401","nathanielpeterse","","","nathaniel_petersen@8filmov.ru","cGFzc3dvcmQ="
"402","renasirmans8930","","","katherine@c.indiatravel.network","cGFzc3dvcmQ="
"403","Suneetha","","Prasanna","suneetha.prasanna@gmail.com","cGFzc3dvcmQ="
"404","hhmdqvwkjob","","","hhmdqvwkjob@desry.com","cGFzc3dvcmQ="
"405","bepyqyrdwyw","","","bepyqyrdwyw@desry.com","cGFzc3dvcmQ="
"406","Jacob","","Boopalan","milemuncher@gmail.com","cGFzc3dvcmQ="
"407","","","","jineshpillai@ymail.com","cGFzc3dvcmQ="
"408","raj","","","kjwnfr@FDDF.COM","cGFzc3dvcmQ="
"409","ALI","LAKDAWALA","AKBER","akber_l@yahoo.com","cGFzc3dvcmQ="
"410","virgie1875","","","virgie.sturgeon1@8filmov.ru","cGFzc3dvcmQ="
"411","ingeborgosh","","","vladlen.lupeko@mail.ru","cGFzc3dvcmQ="
"412","francescar71","","","francesca_carlino50@8filmov.ru","cGFzc3dvcmQ="
"413","clementeastman","","","clement.eastman4@serialnaruskom.ru","cGFzc3dvcmQ="
"414","roseparedes4","","","rose-paredes20@8filmov.ru","cGFzc3dvcmQ="
"415","zkqgilda883","","","gilda_loy25@8filmov.ru","cGFzc3dvcmQ="
"416","kristie7122","","","kristie-kenyon@8filmov.ru","cGFzc3dvcmQ="
"417","Test","","Test","test@test.com","cGFzc3dvcmQ="
"418","lorigpa638129","","","margarettesolliebady@yahoo.com","cGFzc3dvcmQ="
"419","gypwtfosrfi","","","gypwtfosrfi@demo.com","cGFzc3dvcmQ="
"420","iruwixagbia","","","iruwixagbia@demo.com","cGFzc3dvcmQ="
"421","Dr","Wadhwa","Ramit","ramit.wadhwa@gmail.com","cGFzc3dvcmQ="