"ID","user_login","user_pass","user_nicename","user_email","user_registered","user_activation_key","display_name"
"10","admin","21232f297a57a5a743894a0e4a801fc3","admin","admin@globe.joff.in","""""","""""","admin"
"11","Adnan","2c9ebc5921116ff2263a35b95492e276","Adnan","adnanshaiwala@gmail.com","""""","""""","AdnanShaiwala"
"12","adrienemccarthy","30987411a22637f1bc00b38618ff786c","adrienemccarthy","taneshaprell@23.8.dnsabr.com","""""","""""","adrienemccarthy"
"13","aisha65j867","fd628352fb8df293eab2f7d6d1ce17ef","aisha65j867","aisha-heisler33@serialhd1080.ru","""""","""""","aisha65j867"
"14","alanmowery69","31276fe4cda09d845183159a337c5f2b","alanmowery69","helviegrundyl7iq@yahoo.com","""""","""""","alanmowery69"
"15","aleishablacket","ea0cb829ffbf2199028a29a8db58b1ba","aleishablacket","lucila@firstaidkit.services","""""","""""","aleishablacket"
"16","aleishaswaney4","2794c19922c4c187abfbb7e1fbf24007","aleishaswaney4","aleisha_swaney@janestrinket.com","""""","""""","aleishaswaney4"
"17","alexander79p","fa3015ba00abbd216629d5990b1c6c54","alexander79p","alexander_tyson80@tempr.email","""""","""""","alexander79p"
"18","Alfredo","40da91d4bb20258303da423c4e53f2a1","Alfredo","alfredo.miranda@gmail.com","""""","""""","AlfredoMiranda"
"19","ALI","df5990d13480fba4d93fb9b369d90bc5","ALI","akber_l@yahoo.com","""""","""""","ALILAKDAWALAAKBER"
"20","aliceprettyman","b0bf7a9c35db7f090415b4c3a28b2ae1","aliceprettyman","alice.prettyman19@8filmov.ru","""""","""""","aliceprettyman"
"21","aline27p64841878","2804e48280f8dd45b2a45157fdeda252","aline27p64841878","grazyna@h.handwashgel.online","""""","""""","aline27p64841878"
"22","alvap507291494","817a6f2519ba3fc54c6edc0c057d088f","alvap507291494","alva.stansberry@8filmov.ru","""""","""""","alvap507291494"
"23","amganibal868979","47c8e7ddc2b2d12d0b4c5bd88eff3a81","amganibal868979","anibal_houle38@serialhd1080.ru","""""","""""","amganibal868979"
"24","AMRENDER12","60d12b7907bf58b6cfa14fe68a4b3ad5","AMRENDER12","amrender123@gmail.com","""""","""""","AMRENDER12"
"25","andreatarver4","246412d0fea5668098f79d2c9b739c0a","andreatarver4","madeleinedeguireomaw@yahoo.com","""""","""""","andreatarver4"
"26","andresfurr38","f6afae42a02796616b053efb15c67656","andresfurr38","kristen@c.indiatravel.network","""""","""""","andresfurr38"
"27","angelika79t","37b92273927c10816f26cb3a2e8d6d27","angelika79t","angelika.hendrick@serialnaruskom.ru","""""","""""","angelika79t"
"28","annabellec90","65c3e1c882fad776b50c32c58c02ee4b","annabellec90","annabelle.cambage@8filmov.ru","""""","""""","annabellec90"
"29","annecka0256","8efb836bab43dc21185a16b0936ea3ec","annecka0256","anne_odonovan23@amazonru.ru","""""","""""","annecka0256"
"30","antoinettesoul","56208783765e0e57cebe19e541ea2beb","antoinettesoul","antoinette.soul69@janestrinket.com","""""","""""","antoinettesoul"
"31","antoniacorones3","79bba5bd1d55eaded1d83c31833b57d6","antoniacorones3","antonia.corones@8filmov.ru","""""","""""","antoniacorones3"
"32","antoniotoups31","cdb2ff6ff57dbf61911df9243ee0db9c","antoniotoups31","antonio_toups51@serialnaruskom.ru","""""","""""","antoniotoups31"
"33","Aparna","647dfac8e004dd45744418ab9ac7e9f8","Aparna","aparnakanaparthi@hotmail.com","""""","""""","AparnaKanaparthi"
"34","aracelyauld1","d4f215c9668d6af6dfd7c8a0114695fa","aracelyauld1","aracely_auld@janestrinket.com","""""","""""","aracelyauld1"
"35","arletha7590","d346be51e6cf26592870099427dc1534","arletha7590","arletha-mccree@amazonru.ru","""""","""""","arletha7590"
"36","armandgiron237","c143d58e488b9b840117622b99f3f5a3","armandgiron237","armand-giron70@serialnaruskom.ru","""""","""""","armandgiron237"
"37","arnettejuergens","196773be5cab83641ff807e95d24cf09","arnettejuergens","arnette_juergens@janestrinket.com","""""","""""","arnettejuergens"
"38","Ashish","633a612ae9cb31748e12a8369dcf2801","Ashish","ashishkapadiya2003@gmail.com","""""","""""","AshishKapadiya"
"39","augustinakimber","2b731c56b39430972aabe0440a556fd0","augustinakimber","augustina_kimber@serialhd1080.ru","""""","""""","augustinakimber"
"40","auroracarlisle6","207fae408312feb11d497decb9679c15","auroracarlisle6","aurora.carlisle@lagi.dylanprotool.ga","""""","""""","auroracarlisle6"
"41","Avinash","97cddd635cef02b3ceaf25641f9b2eee","Avinash","avinash@wastewarriors.org","""""","""""","AvinashSingh"
"42","Azhar","a5464de5d171afcf41411321fdb09ce9","Azhar","azhar@seasonz.in","""""","""""","AzharTambuwala"
"43","Badrinath","072f80d6bbfa53b4007f3b103d516a3e","Badrinath","badrinath15@gmail.com","""""","""""","BadrinathP"
"44","Banashree","9e83f6d04e73aba6c23698f622b033a3","Banashree","das.banashree@gmail.com","""""","""""","BanashreeDas"
"45","barrychunggon69","56eb0cd097d0a43860535802a52f9fa5","barrychunggon69","joker27@exnik.com","""""","""""","barrychunggon69"
"46","barryhaddon121","5065a2eba4924e20b7df81b8f8c85dda","barryhaddon121","barry.haddon23@8filmov.ru","""""","""""","barryhaddon121"
"47","belindafreeleagu","469cce677ad9c8ee0110f355a32cee4a","belindafreeleagu","rebord.e.r.pas.ser.et@gmail.com","""""","""""","belindafreeleagu"
"48","bencdi40483114","2830724e620e1fd54add48c2e77851de","bencdi40483114","ben.mcgahey80@serialnaruskom.ru","""""","""""","bencdi40483114"
"49","bennieshrader2","119622c561e572a1479e170c66e0e3d8","bennieshrader2","bennie_shrader27@serialhd1080.ru","""""","""""","bennieshrader2"
"50","bepyqyrdwyw","f01dc5ea33dc55c7b0ec12dd469907e5","bepyqyrdwyw","bepyqyrdwyw@desry.com","""""","""""","bepyqyrdwyw"
"51","bernardlazar","ab6e1647d81f79d0d1e884bc08f9dee9","bernardlazar","bernard-lazar8@serialhd1080.ru","""""","""""","bernardlazar"
"52","bertiejulian880","02ef3dd34e9c3583622024926c3e59e7","bertiejulian880","khristina.gergedava@mail.ru","""""","""""","bertiejulian880"
"53","bertienicholls","98eff3ed7deb07124234305ed890b9cf","bertienicholls","bertie_nicholls44@tempr.email","""""","""""","bertienicholls"
"54","bettyforet6","60c20d0f2fc5eaaeaccd71f2eadfaa72","bettyforet6","betty.foret67@serialnaruskom.ru","""""","""""","bettyforet6"
"55","Bharati","0e8c32c899ad3f5df0576ec4c2cc53d8","Bharati","bharatinavneetshah@gmail.com","""""","""""","BharatiShah"
"56","BHUPISUHAG","b59c4d378569adadebf4fc6f26055ccb","BHUPISUHAG","bhupisuhag@gmail.com","""""","""""","BHUPISUHAG"
"57","BIJENDRA","7a72d6f8c71ef6f8844f964a831c5c9c","BIJENDRA","bijsemwal@gmail.com","""""","""""","BIJENDRASEMWAL"
"58","bonnytyrrell929","934f5412ccc5cb7caca1705e30a1a4f1","bonnytyrrell929","bonny_tyrrell43@8filmov.ru","""""","""""","bonnytyrrell929"
"59","borisfitzgibbon","79e8b2ea87799327f6ff16771d67d6c4","borisfitzgibbon","borisfitzgibbon79@pound.pumez.com","""""","""""","borisfitzgibbon"
"60","bradleydeffell8","67c171bb5156286bfcfa3c287ab27176","bradleydeffell8","shirley@zawrotnyinternet.pl","""""","""""","bradleydeffell8"
"61","BrianJohn","698cb458eb7bde8636beb59d58255b9d","BrianJohn","barganbright@transy.edu","""""","""""","BrianJohn"
"62","briannalower64","4f5e001c67856f634253fa8fbeb88de6","briannalower64","brianna-lower95@serialnaruskom.ru","""""","""""","briannalower64"
"63","brittanyvillegas","ae9711836f97112b741bfab38e29bf46","brittanyvillegas","brittany-villegas@kinomegogoo.ru","""""","""""","brittanyvillegas"
"64","brittneyloader2","0f10bf9fbb0f9f6e2df1644ada45ed53","brittneyloader2","brittney-loader@lostfilmhd720.ru","""""","""""","brittneyloader2"
"65","brodericksupple","7555f1a51b7e147e329312f5f5b5ddf8","brodericksupple","broderick_supple48@serialnaruskom.ru","""""","""""","brodericksupple"
"66","brunou8973","23f2766ffedc7c71b74fc29c0d7a6661","brunou8973","milagros@f.flynow.link","""""","""""","brunou8973"
"67","brycepollock613","6d429daedb86d9fc39f934bf59df5399","brycepollock613","bryce-pollock@8filmov.ru","""""","""""","brycepollock613"
"68","Burhanuddin","4e29235996be8c602b228f5991908d38","Burhanuddin","burhan.pedhiwala@gmail.com","""""","""""","BurhanuddinPedhiwala"
"69","candyackermann","fb7c8af9653441d41de73f1ecb70b42d","candyackermann","candy-ackermann80@8filmov.ru","""""","""""","candyackermann"
"70","carahellyer","cdab6a99ba4337d129f7d70f34eb9c56","carahellyer","juana@j.bettereyesight.store","""""","""""","carahellyer"
"71","carlovens317","fb709813ee9112e04a601b88d6814bba","carlovens317","nikigastonguaycsns@yahoo.com","""""","""""","carlovens317"
"72","carolynvisconti","dd95dc36acd6067db16d922676dcc2ad","carolynvisconti","s.h.eikhsh.o.he.l.58.9@gmail.com","""""","""""","carolynvisconti"
"73","carrifoland4718","6b79ab43c62835a60d0608d16e1d7d4b","carrifoland4718","carri_foland22@8filmov.ru","""""","""""","carrifoland4718"
"74","casieainsworth","3693d1037044d5967a2871a644ea949a","casieainsworth","gracecolon5889@tempes.gq","""""","""""","casieainsworth"
"75","casiec9680163","f91f95edf7c86f2ab3c87b6b503a3b93","casiec9680163","casie.kenyon67@tempr.email","""""","""""","casiec9680163"
"76","catharinephillip","bd6e49ee01413f91b36b3b505f368704","catharinephillip","catharine.phillips@tempr.email","""""","""""","catharinephillip"
"77","cathleendonohue","3943a63744ed6f476f8bdfe479c9324c","cathleendonohue","cathleen.donohue@serialnaruskom.ru","""""","""""","cathleendonohue"
"78","celestebryson2","ec22e5665521a16689cd825e1876af24","celestebryson2","celeste-bryson@serialnaruskom.ru","""""","""""","celestebryson2"
"79","celestetalarico","0093f53a70152bf52852faa835611f31","celestetalarico","celeste-talarico46@serialhd1080.ru","""""","""""","celestetalarico"
"80","cfadanny65897","9743a08881f8d937c2dd66d808dc2086","cfadanny65897","danny-gist81@amazonru.ru","""""","""""","cfadanny65897"
"81","chanelbills0","06361df2ecb4f365c90a1a5afbd8e1c9","chanelbills0","aracelydeppnerbubg@yahoo.com","""""","""""","chanelbills0"
"82","chanelmxa606","5c246d3ec219c303063e51ca44a51062","chanelmxa606","chaneltomholt40@pound.pumez.com","""""","""""","chanelmxa606"
"83","charisclaude","4c14a1fc2a8bd43f9b7616e675b7655f","charisclaude","afif@logincbet.asia","""""","""""","charisclaude"
"84","chariskingsford","e49604284503a6625c581a683b724f68","chariskingsford","charis.kingsford24@seriaonline.ru","""""","""""","chariskingsford"
"85","charmainwinter2","678d91f6f7c166d66d5755cdd973aab3","charmainwinter2","xgeoffryev4o456xy4ige@outlook.com","""""","""""","charmainwinter2"
"86","chassidydelancey","2706e29bd1c54f1cfdd45a61fe45598f","chassidydelancey","chassidy.delancey44@janestrinket.com","""""","""""","chassidydelancey"
"87","cherylferris1","76b71610f88de6c930f46cd08025d84a","cherylferris1","dave@j.bettereyesight.store","""""","""""","cherylferris1"
"88","chetclaude0","6d489ef6266af247707b6210c65fca7d","chetclaude0","chet-claude54@serialnaruskom.ru","""""","""""","chetclaude0"
"89","Chethana","582dfee87cb506a2a7d756af2950a864","Chethana","ckanaparthi@yahoo.com","""""","""""","ChethanaKanaparthi"
"90","chongsingleton2","5a9f89702b6b69ab56cc41ef802d29d9","chongsingleton2","chong.singleton44@serialnaruskom.ru","""""","""""","chongsingleton2"
"91","chrissolorio","9f664ce643ad3e27e00a2f0a4ca695ad","chrissolorio","zahara@b.solarlamps.store","""""","""""","chrissolorio"
"92","chrissouthard21","8a8ffa7f5431e27e4028bdefca0df1a7","chrissouthard21","pambudi@logincbet.asia","""""","""""","chrissouthard21"
"93","christi47o","c0499d68384dbd1a8f5fa54f642fbf05","christi47o","christi-burchell80@guideheroes.com","""""","""""","christi47o"
"94","christianeflourn","e1500ada68a34d62116df11ff99a53db","christianeflourn","rebord.er.pa.s.s.er.e.t@gmail.com","""""","""""","christianeflourn"
"95","cindakelleher","ca83741bc2a1593a790e25c3779ba450","cindakelleher","mel@odzywkidorzes.eu","""""","""""","cindakelleher"
"96","clairehollander","66eee7f529c95fffac187e7ae8037059","clairehollander","clairehollander18@pound.pumez.com","""""","""""","clairehollander"
"97","clementeastman","45528020d7e69c430235a06e53a9a526","clementeastman","clement.eastman4@serialnaruskom.ru","""""","""""","clementeastman"
"98","colleenslapoffsk","e8d9ccc0a5d8d398164924122ad8b972","colleenslapoffsk","colleen_slapoffski24@serialnaruskom.ru","""""","""""","colleenslapoffsk"
"99","coolmanishdhiman","f2b54077c67642a067166667b75e062e","coolmanishdhiman","coolmanishdhiman@gmail.com","""""","""""","coolmanishdhiman"
"100","crystlealford1","7208e0ecefac83d0b17343860afde21a","crystlealford1","crystle.alford98@serialnaruskom.ru","""""","""""","crystlealford1"
"101","danialthompson","b493d93e5520925ef43852faacf09d91","danialthompson","danial_thompson@kinosmotretonline.ru","""""","""""","danialthompson"
"102","danilokeartland","7fe187c81816742dd95874c2cd97f41d","danilokeartland","danilo-keartland7@tempr.email","""""","""""","danilokeartland"
"103","darelllampman4","655cafce0f1481da621dc1e63bc2a41c","darelllampman4","darell.lampman@serialnaruskom.ru","""""","""""","darelllampman4"
"104","davidaelrod92","3ed1b0469a281c018b412eb9bc687035","davidaelrod92","davida_elrod89@kinomegogoo.ru","""""","""""","davidaelrod92"
"105","demit9834354","5b43c80b522d67d02ac49bbf42ee526e","demit9834354","demi-bain@serialnaruskom.ru","""""","""""","demit9834354"
"106","derickemma2","a6ae3d9160958b47b6517f7f7e7bee55","derickemma2","shizukosankofftaml@yahoo.com","""""","""""","derickemma2"
"107","dewittallsop","ac1b59074f98a7f86fd2eb8118998a89","dewittallsop","dewitt_allsop90@kinosmotretonline.ru","""""","""""","dewittallsop"
"108","Dhanashree","69e966d3a999fe304d4e52f669f11ec4","Dhanashree","shingvidhanashree@gmail.com","""""","""""","DhanashreeShingvi"
"109","dianeknox080855","b10e4f56312c66d38a01c29c07803107","dianeknox080855","phillip@obesityhelp.online","""""","""""","dianeknox080855"
"110","dongsegal542334","9149d32632916a50d133bae1f59ea96e","dongsegal542334","dong_segal@amazonru.ru","""""","""""","dongsegal542334"
"111","Dr","611e23eaf4a64d2f06f86c7485a55e78","Dr","ramit.wadhwa@gmail.com","""""","""""","DrWadhwaRamit"
"112","dulcietong099","149d36e0cb87bf4673ee8971a3990f9b","dulcietong099","elviapapsteinlilz@yahoo.com","""""","""""","dulcietong099"
"113","dustingoff","6b63de81dd8e7def81a4ea72cda0c57b","dustingoff","dustin_goff@tempr.email","""""","""""","dustingoff"
"114","earllindgren645","b54c874dad2b3e43b205bfd148b8920a","earllindgren645","earllindgren63@use.hellohappy2.com","""""","""""","earllindgren645"
"115","edgarlett43","e21d8d183fc7bb534efd23d764cf7224","edgarlett43","ismaelkeys3391@dvd.dns-cloud.net","""""","""""","edgarlett43"
"116","edward6790","f8e873b453a87b153a85973cfeac04c3","edward6790","edward-lapointe66@amazonru.ru","""""","""""","edward6790"
"117","elisenaugle226","f32d930a5bd2c071e5bee9c1f8dda10c","elisenaugle226","elise_naugle@8filmov.ru","""""","""""","elisenaugle226"
"118","ellenhall314","a8ef2d0f40560e6e84977661d3346788","ellenhall314","reb.or.d.er..passe.re.t@gmail.com","""""","""""","ellenhall314"
"119","elviraseddon","2cb5d424cb8fcb6fab75ce610599941a","elviraseddon","marina-reunkova@mail.ru","""""","""""","elviraseddon"
"120","ernestocohen75","9ee81f10ffaf29d1c1a1a01d92c4ccb6","ernestocohen75","ernesto-cohen@serialhd1080.ru","""""","""""","ernestocohen75"
"121","estelleweddle","30f9c973f68b4dea346fe7a804a840e9","estelleweddle","sh.eikhs.h.ohel.589@gmail.com","""""","""""","estelleweddle"
"122","etheltorrez34","eb10a349e9001f80e6778a269a150d68","etheltorrez34","cristenschmeecklesdip@yahoo.com","""""","""""","etheltorrez34"
"123","evarosenstengel","0fe78ea9ab259ddfcbad56f8ecc563ef","evarosenstengel","eva_rosenstengel@serialhd1080.ru","""""","""""","evarosenstengel"
"124","everette55k","5a80d7fe882f234b2bb0803b566db365","everette55k","everette-poulson100@amazonru.ru","""""","""""","everette55k"
"125","evonnemarden3","049bd5fb62344798b0411978c5502af4","evonnemarden3","evonne.marden23@amazonru.ru","""""","""""","evonnemarden3"
"126","ezequielschlunke","7f8bf7eaca6df03769b650afe8cbf68a","ezequielschlunke","ezequiel-schlunke@8filmov.ru","""""","""""","ezequielschlunke"
"127","ezwila3668642709","7a5128c5014a02b2ab7c3d3a96598bb7","ezwila3668642709","mammiecosh@happyfreshdrink.com","""""","""""","ezwila3668642709"
"128","fannybetz11","9259b0fc2cae4e14e3550fb6e2942e56","fannybetz11","fanny.betz@kinosmotretonline.ru","""""","""""","fannybetz11"
"129","faye45t03675678","ab2dcc1e2477d7e21897bb021acaec20","faye45t03675678","faye-sigler14@serialnaruskom.ru","""""","""""","faye45t03675678"
"130","federicolabarre","164e78dca095dfb77e711c0aa4ba7073","federicolabarre","federico.labarre85@usamami.com","""""","""""","federicolabarre"
"131","feliciabeem","6a2c83bac7bf82531331a1f48bbded05","feliciabeem","felicia_beem@8filmov.ru","""""","""""","feliciabeem"
"132","fideliak73","48ed2134a58c62e099e5ddcdb55c6022","fideliak73","fidelia-hartsock47@janestrinket.com","""""","""""","fideliak73"
"133","floridaejr","99124b60e1e7ae1a49767dda3893313d","floridaejr","uta@b.solarlamps.store","""""","""""","floridaejr"
"134","francescar71","62fc972d8539251299ce41bee6aba372","francescar71","francesca_carlino50@8filmov.ru","""""","""""","francescar71"
"135","frederickhellyer","4e7d409002acbf88d7397af56a972f7c","frederickhellyer","e14@exnik.com","""""","""""","frederickhellyer"
"136","freshnewso","0baf60e549f09372f1859ccf9cc2f341","freshnewso","freshnews11@hotmail.com","""""","""""","freshnewso"
"137","garry833612","41c4ec3fc3ea432f39aa405aabe84f52","garry833612","garry-bowman@serialhd1080.ru","""""","""""","garry833612"
"138","gayellewelyn","528c752b06b61d3f75e2ef24c1fc6053","gayellewelyn","gaye.llewelyn40@serialhd1080.ru","""""","""""","gayellewelyn"
"139","genawinters1753","a2d5fcaf767a598cbb3e095c5d5c37ff","genawinters1753","gena_winters@janestrinket.com","""""","""""","genawinters1753"
"140","giax241598056953","1d3e877ff2c53b3dfbc1635fb1451084","giax241598056953","gia-ledet@8filmov.ru","""""","""""","giax241598056953"
"141","gingerpichardo","8d32c6765125c42131525624739ee4a0","gingerpichardo","bel@b.solarlamps.store","""""","""""","gingerpichardo"
"142","gordonwagstaff","5f398376ce03235a11cd7a653e5f65d6","gordonwagstaff","gordonwagstaff91@pound.pumez.com","""""","""""","gordonwagstaff"
"143","gpivickie41830","5a8f88ad019e3722e3a915ab6625b3c1","gpivickie41830","vickie-draper66@serialnaruskom.ru","""""","""""","gpivickie41830"
"144","grazynahamblen","1ce1754ec16145d42fbef8d31674628e","grazynahamblen","r.eborder.pa.sse.r.et@gmail.com","""""","""""","grazynahamblen"
"145","gregcrespo40","8c87b10a8c486f39a64a083f94db1083","gregcrespo40","greg.crespo18@8filmov.ru","""""","""""","gregcrespo40"
"146","Groover","b35779a5d2b7e6ce3506a172ede9daf8","Groover","amangroover@gmail.com","""""","""""","Groover"
"147","Grooverism","c0adf4806e6cec386c9ff40726765287","Grooverism","aman@wastewarriors.org","""""","""""","Grooverism"
"148","Gunjan","45794682c35f5a36b5241dcd83c4f90c","Gunjan","gunjans.shah@gmail.com","""""","""""","GunjanShah"
"149","gwenh6330478","6c4da74133eb54b47c8e0f13063a14dd","gwenh6330478","tommyjohnsonjwdi@yahoo.com","""""","""""","gwenh6330478"
"150","gypwtfosrfi","1aee79cac48b66d2ce9d4791d99c1181","gypwtfosrfi","gypwtfosrfi@demo.com","""""","""""","gypwtfosrfi"
"151","halinaschafer","c518f39d109518d7cc7203712f28d6b3","halinaschafer","halina.schafer@serialnaruskom.ru","""""","""""","halinaschafer"
"152","haroldseabolt79","63b09657d075248dbacf89edd59ec293","haroldseabolt79","harold-seabolt@serialnaruskom.ru","""""","""""","haroldseabolt79"
"153","harriethatfield","1fc068d5972eaf52e2cea7a8e5045bde","harriethatfield","harriet_hatfield@serialhd1080.ru","""""","""""","harriethatfield"
"154","harriettnorriss","42df8a85c5e974612bef10670f40e824","harriettnorriss","harriett_norriss@kinomegogoo.ru","""""","""""","harriettnorriss"
"155","Harshal","ef971ccf078fdd83ea1d74b7e86c9640","Harshal","harshal@skylarrlabs.com","""""","""""","HarshalOswal"
"156","hellentxx7397","5485a019771d20f8f43fc7883b1900f8","hellentxx7397","hellen_grammer71@serialnaruskom.ru","""""","""""","hellentxx7397"
"157","hellenzis3627225","80a8f583237c498eebb66e439ff7e726","hellenzis3627225","hellen-landseer@serialnaruskom.ru","""""","""""","hellenzis3627225"
"158","herbert24o","3d65bd74d40bc9e0f10fec0fe13e34de","herbert24o","zoiladraper@pecinan.com","""""","""""","herbert24o"
"159","hhmdqvwkjob","883d02fbd5f0d3a197239ea4c1e0e0fd","hhmdqvwkjob","hhmdqvwkjob@desry.com","""""","""""","hhmdqvwkjob"
"160","hildaauld49","1f918f275cc021705c8dacc0f6a16d5b","hildaauld49","hilda_auld@8filmov.ru","""""","""""","hildaauld49"
"161","hiltonsturgis1","33b26f0a2efc642b18ddc6815057d753","hiltonsturgis1","hilton.sturgis@tempr.email","""""","""""","hiltonsturgis1"
"162","icedoutjewelry","88f287fc87166b79d7be93e9bdcfe460","icedoutjewelry","icedoutjewelry@hgcitations.com","""""","""""","icedoutjewelry"
"163","iejelisa79825815","34ca239f6ca8f6c0ddecbf781f5f087d","iejelisa79825815","boydbyers4581@mailcatch.com","""""","""""","iejelisa79825815"
"164","ingeborgosh","49168e3c9365e321d1c500a81ed1d052","ingeborgosh","vladlen.lupeko@mail.ru","""""","""""","ingeborgosh"
"165","iruwixagbia","e863582360c916723857e2b14169a338","iruwixagbia","iruwixagbia@demo.com","""""","""""","iruwixagbia"
"166","isabelchild3192","c6a44a6779f78e895b811400b1c5c4be","isabelchild3192","isabel.child90@8filmov.ru","""""","""""","isabelchild3192"
"167","ismaelkernot594","48420c51418ae688635f2ac2e92611a5","ismaelkernot594","ismael_kernot34@8filmov.ru","""""","""""","ismaelkernot594"
"168","ivyalbritton461","76d3a6708d469185cadc4b245181e993","ivyalbritton461","ivy.albritton56@8filmov.ru","""""","""""","ivyalbritton461"
"169","jackfetherstonha","aacad745d9df3b0392a7ac11e909a165","jackfetherstonha","jack-fetherstonhaugh@astrologyforall.online","""""","""""","jackfetherstonha"
"170","jackiemetcalfe8","d5af5c25bebfcca5ae344872eed1bdd3","jackiemetcalfe8","christelcallaghan8415@8.dnsabr.com","""""","""""","jackiemetcalfe8"
"171","Jacob","9adb41f2a66506c7e816424b455ad5ff","Jacob","milemuncher@gmail.com","""""","""""","JacobBoopalan"
"172","jacquiecolby","798f54feea7a35bdd4f7f5a5f0cd8f55","jacquiecolby","maisiemathews4415@panchoalts.com","""""","""""","jacquiecolby"
"173","jamescyi462","346daa489af9da863cabffcad3c00205","jamescyi462","james_sweeney35@new.hellohappy2.com","""""","""""","jamescyi462"
"174","jamilaskillen6","fbc1e4aeb6a66e66d003538ba995e33d","jamilaskillen6","jamila.skillen13@tempr.email","""""","""""","jamilaskillen6"
"175","jamisonbfa","07d7541bd1b0be166e67ea269f56c8cf","jamisonbfa","donniezweig1151@tempr.email","""""","""""","jamisonbfa"
"176","janinerhyne","f70e2a8fe12a7b67228d3c161e23dbf3","janinerhyne","janine_rhyne50@8filmov.ru","""""","""""","janinerhyne"
"177","jannie5288","61ec48c60a4e0b5a8d5f22e81a821399","jannie5288","jannie.baader@serialnaruskom.ru","""""","""""","jannie5288"
"178","janniemcdade914","ed0afaf9f39b60d469b4f733ad6ee925","janniemcdade914","mariettadante@mcdrives.com","""""","""""","janniemcdade914"
"179","jeffrycastle67","93aed2422038431b33ef0e7b86f0f543","jeffrycastle67","jeffry.castle90@amazonru.ru","""""","""""","jeffrycastle67"
"180","jeniferpalmquist","0a2696b18db949b3e0c8ae0d80be49b4","jeniferpalmquist","jenifer-palmquist@8filmov.ru","""""","""""","jeniferpalmquist"
"181","Jenil","919c090ebbe0690cd608f966e8d88b87","Jenil","insane.nawab0628@gmail.com","""""","""""","JenilRambhiya"
"182","jerilynedo","a039ff58059f85ce3cf5d8fed0621a56","jerilynedo","jerilyn.mouton92@tempr.email","""""","""""","jerilynedo"
"183","jerolddickerson","cd2e43d7fd75765e28da30482c257563","jerolddickerson","jerold-dickerson@janestrinket.com","""""","""""","jerolddickerson"
"184","Jhansi","371a58f1ac48e0601a14b08e6b36f30e","Jhansi","jhansikanaparthi@yahoo.com","""""","""""","JhansiKanaparthi"
"185","jodytaber08301","e71eaecff3c2436355cf313a61b4f993","jodytaber08301","seofreedownload2@gmail.com","""""","""""","jodytaber08301"
"186","Joe","3a368818b7341d48660e8dd6c5a77dbe","Joe","findyouradventuredaily@gmail.com","""""","""""","JoeDeja"
"187","joelcoles76669","afcbb574b90cb2004e9f1029a082522c","joelcoles76669","joel_coles7@janestrinket.com","""""","""""","joelcoles76669"
"188","joeytucker","c3df989c0c702d08f5d92b31ab671b26","joeytucker","jamesbartlettw4du@yahoo.com","""""","""""","joeytucker"
"189","johannafoletta","0e23b6f7d6d90f18b3759b5af4d21afe","johannafoletta","johanna-foletta@8filmov.ru","""""","""""","johannafoletta"
"190","jonibracegirdle","d53d7d601453fb3ec182e4c8180df513","jonibracegirdle","anissarahepi@yahoo.com","""""","""""","jonibracegirdle"
"191","jonnierutt22867","236d355757cdac7e7d4368d94f6e38e9","jonnierutt22867","rodgercoggins@laokzmaqz.tech","""""","""""","jonnierutt22867"
"192","judedodd076","432fb5ce54fe6a844f65b38e4a3f3bfa","judedodd076","jude.dodd73@janestrinket.com","""""","""""","judedodd076"
"193","judsonc18259","9f4d43c0f7b7054e8173b84c14030a78","judsonc18259","judson-frayne90@serialnaruskom.ru","""""","""""","judsonc18259"
"194","justinedoolette","038758c4d90ae0034e263eab74d789cd","justinedoolette","yuriycrfgo@outlook.com","""""","""""","justinedoolette"
"195","kandacehefner29","c298d2b534a591286ad25ac2a95acf52","kandacehefner29","mardiansyah@logincbet.asia","""""","""""","kandacehefner29"
"196","kartik","c8d39cdb56a46ad807969ee04c4e660b","kartik","kartik_prashar@yahoo.com","""""","""""","kartik"
"197","kassienolte3","d5a435cd5d877343c66c679cb940fc4d","kassienolte3","kassie.nolte44@amazonru.ru","""""","""""","kassienolte3"
"198","katherinabreshea","098fbeb7d222ec9dcd6b00f9ee5d1326","katherinabreshea","katherina-breshears23@serialhd1080.ru","""""","""""","katherinabreshea"
"199","kathir1980","c297c2b7bfe00a0e5efac0da8df88adc","kathir1980","k.kathir1980@gmail.com","""""","""""","kathir1980"
"200","Kavitha","fe842c44946919aeee0a08370af651d8","Kavitha","simmsimm@email.com","""""","""""","KavithaKanaparthi"
"201","Kavitha","fe842c44946919aeee0a08370af651d8","Kavitha","ksimmsimm@gmail.com","""""","""""","KavithaKanaparthi"
"202","keishaelt0800","b1166b2a00bafdcba3322f964f96a8e5","keishaelt0800","kristoferwhitehurst@8.dnsabr.com","""""","""""","keishaelt0800"
"203","kennyocallaghan","825fada306bdb5763b805baa2037e80b","kennyocallaghan","kenny_ocallaghan@8filmov.ru","""""","""""","kennyocallaghan"
"204","kermitwallner4","a845838282464c10284210e62bb40174","kermitwallner4","kermit_wallner31@kinosmotretonline.ru","""""","""""","kermitwallner4"
"205","kerrydunagan","e963b937f6565b785a4fa6dd071f7fbf","kerrydunagan","kylie@b.homeimprovements.site","""""","""""","kerrydunagan"
"206","Kk","cd81e03312df01f05cc795ff9a9dfb93","Kk","cva@gmail.com","""""","""""","KkKk"
"207","korylarue779241","fb2aa47d4e5d49ee9777da8dfdf2edbd","korylarue779241","christikittredge@0815.ru","""""","""""","korylarue779241"
"208","Krishan","2c165a39bdac31ff8131fb460795b5b4","Krishan","kdsood72@gmail.com","""""","""""","KrishanSoodDev"
"209","kristasiddons9","7ec171d84f5f2b2cce975407f8e13e92","kristasiddons9","krista.siddons@serialnaruskom.ru","""""","""""","kristasiddons9"
"210","kristie7122","7da8c4b81e237b165a20b6076eb6119d","kristie7122","kristie-kenyon@8filmov.ru","""""","""""","kristie7122"
"211","kristineamies11","3802d6b623aa7274ecd33828d61f8096","kristineamies11","kristine.amies6@8filmov.ru","""""","""""","kristineamies11"
"212","krystynamacvitie","10cca6bd3be3d4cc1c6f2027b8c5542e","krystynamacvitie","carashelstadvdyv@yahoo.com","""""","""""","krystynamacvitie"
"213","kurtabrams9188","8fe01b3195309ac18996715f02008541","kurtabrams9188","kurt_abrams14@janestrinket.com","""""","""""","kurtabrams9188"
"214","lahdarlene","f32aa42a9a29cc200688de1f72c0a4ef","lahdarlene","darlenecolton60@pound.pumez.com","""""","""""","lahdarlene"
"215","lakeshahowell2","a729f7c23584c8c6cfee09ad8110f9ab","lakeshahowell2","lakesha.howell40@kinomegogoo.ru","""""","""""","lakeshahowell2"
"216","landonc4814","67cf3596cc2041321ac7abf75437134e","landonc4814","karry@c.wirelesschargers.xyz","""""","""""","landonc4814"
"217","latanyamartinovi","0e0a4c808345f771a6af3b175aaf027d","latanyamartinovi","latanya_martinovich89@kinomegogoo.ru","""""","""""","latanyamartinovi"
"218","latashialonergan","10a0590d4511ca338a2b5ad65688d213","latashialonergan","latashia-lonergan@amazonru.ru","""""","""""","latashialonergan"
"219","latonyapriestley","429e8459ea1fd72054820150ea98464a","latonyapriestley","latonya.priestley8@amazonru.ru","""""","""""","latonyapriestley"
"220","laurellayton449","8118f791b2c1b45946ddf3b8390f9b44","laurellayton449","janifer@e.hamstercage.online","""""","""""","laurellayton449"
"221","leannewyrick5","7903c07e63aacda80cf810444ba5a547","leannewyrick5","leanne.wyrick1@8filmov.ru","""""","""""","leannewyrick5"
"222","leiapinkston716","2df6254d4ff58fa601428fa8e7aec785","leiapinkston716","leia-pinkston@8filmov.ru","""""","""""","leiapinkston716"
"223","leoradubose23","5e70a6e72d7f9ceaf9bdd40933c700fb","leoradubose23","analiese@medicalfacemask.life","""""","""""","leoradubose23"
"224","leoseiffert","483e683748f95e7b2db95a80d6cac039","leoseiffert","danilohamm5567@pecinan.com","""""","""""","leoseiffert"
"225","liliamoen3","8d4eda1204b6b887bca280132f697063","liliamoen3","lilia-moen@tempr.email","""""","""""","liliamoen3"
"226","linjefferson6","1b00d73642b4aa046dcb336ff1d9636e","linjefferson6","lin.jefferson@kinosmotretonline.ru","""""","""""","linjefferson6"
"227","linnierimmer","b1598839777eccf009f2877a30cf4a15","linnierimmer","agustinfidelia@werkbike.com","""""","""""","linnierimmer"
"228","loisdipietro68","d81736c7539923d6b9e04d576d37972c","loisdipietro68","mobiqrcode@gmail.com","""""","""""","loisdipietro68"
"229","lolaaitken60","fe3cf12c4f33d85b194c069a6e983e87","lolaaitken60","lola-aitken1@amazonru.ru","""""","""""","lolaaitken60"
"230","lorigpa638129","eccac3ab88405ba03b696d66d78f7a5b","lorigpa638129","margarettesolliebady@yahoo.com","""""","""""","lorigpa638129"
"231","lowellwozniak5","77dc8269f6eb88d79ece9d43cf2167df","lowellwozniak5","tatiana@zawrotnyinternet.pl","""""","""""","lowellwozniak5"
"232","lucianahaswell","f73a49a92b8bddbeac4c2d2ec27042bc","lucianahaswell","luciana_haswell@tempr.email","""""","""""","lucianahaswell"
"233","lucilebarr","1fe55cdf67ccd424d549397ee1ab8d7a","lucilebarr","lucilebarr83@study.jaffx.com","""""","""""","lucilebarr"
"234","lyndongerstaecke","7aa5441a4e65370d17a881adc3eb521f","lyndongerstaecke","lyndon-gerstaecker@serialnaruskom.ru","""""","""""","lyndongerstaecke"
"235","lynnromilly36","e78f5887580f3807ae7fa40845be24f7","lynnromilly36","lynn.romilly@tempr.email","""""","""""","lynnromilly36"
"236","mackenziemaye10","29ae8fcb54f5161e81ca65544d61c004","mackenziemaye10","mackenzie-maye@amazonru.ru","""""","""""","mackenziemaye10"
"237","madelaineeyler7","8c5d58a708d012c14898e5b0e0d1a0cf","madelaineeyler7","madelaine_eyler@tempr.email","""""","""""","madelaineeyler7"
"238","Madhuri","4a8efdf7ea9c1b24ed0bc936d60ad713","Madhuri","mailmadhu7@gmail.com","""""","""""","MadhuriNallamothu"
"239","Mahasweta","2742b55dfd47b21ea6b66884e0b17009","Mahasweta","mahasweta911@gmail.com","""""","""""","MahaswetaGhosh"
"240","makayladownard9","61028115247788bd1b7ceb82579ce960","makayladownard9","makayla-downard36@8filmov.ru","""""","""""","makayladownard9"
"241","Mandeep","e5649e1fbc6e981a8279e1626fbc38a3","Mandeep","ghim.mandeep@gmail.com","""""","""""","MandeepSingh"
"242","manietrice0","c4448b8dc38f9685fb497c6ac7937d82","manietrice0","manie.trice16@serialhd1080.ru","""""","""""","manietrice0"
"243","Manik","a330bde403f4b9fc3e1a55ded4321494","Manik","manikdhodi@yahoo.com","""""","""""","ManikDhodi"
"244","Manjusha","07b773a35b35b7f1fb7477ec61c484b9","Manjusha","imanjusha@yahoo.com","""""","""""","ManjushaInglay"
"245","marciadingle","5b818fdb15f6f8fd1238c69d855d936f","marciadingle","marcia-dingle@serialnaruskom.ru","""""","""""","marciadingle"
"246","margheritajoiner","d13ada7d7c67f184bb59b441f528f1e6","margheritajoiner","margherita_joiner@serialnaruskom.ru","""""","""""","margheritajoiner"
"247","marianfarkas","39352df41e4e893105ca272d518e9fdd","marianfarkas","marian.farkas@janestrinket.com","""""","""""","marianfarkas"
"248","marianne18i","ab3535b075b8f9a27ea33053b1e5f129","marianne18i","gregoryroperoup2s@yahoo.com","""""","""""","marianne18i"
"249","marisolhalley","4f6f783325a347df307631584d05ad86","marisolhalley","marisol.halley@serialhd1080.ru","""""","""""","marisolhalley"
"250","marquisbannister","3e3f4cdea1b77b1f11568c6baed37480","marquisbannister","q.w.enqw.e.nl.olo.p@gmail.com","""""","""""","marquisbannister"
"251","marylynforshee","e0a7ecb0f02d8d552059a088ba55c481","marylynforshee","marylyn_forshee@8filmov.ru","""""","""""","marylynforshee"
"252","mbbmamie81073","ece9072cf28768a12f9ff9a8d57ddf5a","mbbmamie81073","mamie.donnelly@amazonru.ru","""""","""""","mbbmamie81073"
"253","MEENAL","6c21ed8bba832766acdf0cec97b425b8","MEENAL","meenalbishnoi@gmail.com","""""","""""","MEENALBishnoi"
"254","melbagilliam111","b0439a4b5f5f3114d928523c83c6b695","melbagilliam111","loreanklotzbachvazw@yahoo.com","""""","""""","melbagilliam111"
"255","mervinpennell47","84188c4a9e1ef2814bf8d0596996880a","mervinpennell47","mervin.pennell@8filmov.ru","""""","""""","mervinpennell47"
"256","michaledarcy7","d247a6c18bcd2c5c8c03cf1ad465c141","michaledarcy7","michale-darcy49@tempr.email","""""","""""","michaledarcy7"
"257","mickeybayldon","53f3b6939b72609b86b49f595081bc14","mickeybayldon","frances@g.brainboostingsupplements.org","""""","""""","mickeybayldon"
"258","mickeyqgk849901","ff881c3b9729625ffb3f8598a9d5fbc8","mickeyqgk849901","willardlovejoy8245@1mail.x24hr.com","""""","""""","mickeyqgk849901"
"259","mildred98d","f437d6228cc2276e0804511e50214754","mildred98d","mildred-will@serialhd1080.ru","""""","""""","mildred98d"
"260","mileshersh","90d6869477d61755c13055fb2d2993d3","mileshersh","lenniehoernerozaq@yahoo.com","""""","""""","mileshersh"
"261","millardbinette","cd7dc5aa10a5f025ad23da8d2dc01643","millardbinette","millard.binette@serialnaruskom.ru","""""","""""","millardbinette"
"262","milliematheson9","a9269db3e5fb2a4f103ab995b43cf9f4","milliematheson9","asyari@logincbet.asia","""""","""""","milliematheson9"
"263","milopinckney10","93fe83cbd2834c9e51e4fc276f7bbf9c","milopinckney10","r.e.bor.d.e.r..p.as.ser.et@gmail.com","""""","""""","milopinckney10"
"264","mindah37575786","7a5dc8529d6b6b21d255560a3e4957b1","mindah37575786","minda-prindle@8filmov.ru","""""","""""","mindah37575786"
"265","mirandaryder757","1f6adc7fc1f12ed4ba3102960c25b808","mirandaryder757","miranda-ryder98@serialnaruskom.ru","""""","""""","mirandaryder757"
"266","mireyabinkley87","bd3649d595610ce374e64d653c0abc22","mireyabinkley87","jewell@weihnachtswunsche.eu","""""","""""","mireyabinkley87"
"267","mittiegallant","6bdd7a355f7cf5c8726cd83845e97c69","mittiegallant","mittie_gallant41@janestrinket.com","""""","""""","mittiegallant"
"268","mittiescott6627","68824f6f3fb6098f08e1d15beeed7d05","mittiescott6627","mittie-scott1@serialhd1080.ru","""""","""""","mittiescott6627"
"269","mohammadduckwort","274a9cc1801c895edb9129c531ce1df9","mohammadduckwort","mohammad_duckworth@serialnaruskom.ru","""""","""""","mohammadduckwort"
"270","moniquemaclurcan","7b7ebde30c4181340452b835181846b3","moniquemaclurcan","zulemashurtliffsdhd@yahoo.com","""""","""""","moniquemaclurcan"
"271","morrisbach582","57bb63417de148f6d6ef13e6cf5bd20d","morrisbach582","admin@honda.dylanprotool.ga","""""","""""","morrisbach582"
"272","mtsstephan","69cabd61ed382c2bde00a0c44678ed40","mtsstephan","deborahjoey@photoaim.com","""""","""""","mtsstephan"
"273","namharbison4514","372c932669f23982a8754e9dcc4465b4","namharbison4514","nam_harbison12@serialnaruskom.ru","""""","""""","namharbison4514"
"274","nanceecovington","9ac9b33f0fae37e8d9f9c052d3e06fdf","nanceecovington","marsha@b.homeimprovements.site","""""","""""","nanceecovington"
"275","nanceeheilman0","12db2c16215f9d347b4388296ab7a3a5","nanceeheilman0","nancee_heilman@serialnaruskom.ru","""""","""""","nanceeheilman0"
"276","nannettecourts","c5b2f58d672e73f6fd633ce7ecae20de","nannettecourts","nannette.courts57@kinomegogoo.ru","""""","""""","nannettecourts"
"277","nannietruong","ab135aece1a401ff8fbe0ff3e61ab561","nannietruong","r.e.b.o.rder.pa.sser.et@gmail.com","""""","""""","nannietruong"
"278","nans35056833","b028604cfbe52f912b9d7240aa959f88","nans35056833","bagas@logincbet.asia","""""","""""","nans35056833"
"279","nathanielpeterse","d45f834743264671c49b2a7e4db2cae9","nathanielpeterse","nathaniel_petersen@8filmov.ru","""""","""""","nathanielpeterse"
"280","natishafong0699","8ef09dc033ac5a9422bfef357b0a353e","natishafong0699","fitriana@logincbet.asia","""""","""""","natishafong0699"
"281","NAVNIT","679448f4ac00cfda121214203db238f0","NAVNIT","nps_mumbai7@hotmail.com","""""","""""","NAVNITSHAH"
"282","nickkong2880800","c6e1ecced68300ad9862b8acd985d138","nickkong2880800","nick.kong79@8filmov.ru","""""","""""","nickkong2880800"
"283","Nidheesh","bae5f4883652a6d907ce44ef07e0f198","Nidheesh","pnrg6786@gmail.com","""""","""""","Nidheesh"
"284","Nikhil","8d2158205ca96a8aa2cca62a48b224c1","Nikhil","r.b.mehta.co@gmail.com","""""","""""","NikhilMehta"
"285","nkdernie906","acf215ceb0e7b668ff31a917d2eda93b","nkdernie906","ernie-pinckney33@serialnaruskom.ru","""""","""""","nkdernie906"
"286","normandw20","2dd2a5d73d75164200d6b9dbbd5a2b99","normandw20","normand-ericson@8filmov.ru","""""","""""","normandw20"
"287","novellacarothers","4604486ed71159ecc0d5d06c52655b9a","novellacarothers","loretteartingerhxje@yahoo.com","""""","""""","novellacarothers"
"288","odellcharles77","831936ecb0a2469c92b3aff29cc4c972","odellcharles77","odell.charles38@serialhd1080.ru","""""","""""","odellcharles77"
"289","odelllipscomb8","299e88056febec756d7748287e8d7608","odelllipscomb8","odell_lipscomb59@kinomegogoo.ru","""""","""""","odelllipscomb8"
"290","oliviarule93820","d37c1762b7e7dc6bdea4859c03c5ced2","oliviarule93820","oliviarule34@pound.pumez.com","""""","""""","oliviarule93820"
"291","orvalpeeler6","d96252b3129354278a5896605fe11798","orvalpeeler6","philippine@j.olddog.care","""""","""""","orvalpeeler6"
"292","oscar61t867","a3ec92beac8f3ccd92210a9af70c397f","oscar61t867","oscar-quaife41@serialhd1080.ru","""""","""""","oscar61t867"
"293","otisgarey9","5acb495935d152c375cf7b805d29cd98","otisgarey9","otis_garey43@guideheroes.com","""""","""""","otisgarey9"
"294","owckiera843","e846659d0282bacbd60cd48ac2b41bca","owckiera843","shandeigh@e.hamstercage.online","""""","""""","owckiera843"
"295","pabloyoo10186511","1b630a7b40af277b03dd0eed3a0891bf","pabloyoo10186511","pablo_yoo@watchepisode.ru","""""","""""","pabloyoo10186511"
"296","philipfitzroy5","8d98f734d264c9578965b3f1caceedd9","philipfitzroy5","philip.fitzroy@8filmov.ru","""""","""""","philipfitzroy5"
"297","porterc1039557","f560fbef468e1b09824875c93ec9bef0","porterc1039557","claudemoodwuha@yahoo.com","""""","""""","porterc1039557"
"298","Prachyi","fc2ce0832322f8a3687ff9413cad9870","Prachyi","prachi.jd@live.in","""""","""""","PrachyiRaizzadaV"
"299","Priyanka","b8e412c3eb75b62ef0c4dc3c050b059a","Priyanka","priyankaiyer46@gmail.com","""""","""""","PriyankaIyer"
"300","Psychia","83ae6e9638c7d490ab4d78bdb72e2eb0","Psychia","sangeetasaikia@hotmail.com","""""","""""","Psychia"
"301","qhvperry491","d39b4048a8dc000ec4ed3291ebab5f3a","qhvperry491","perry.eisenhower69@8filmov.ru","""""","""""","qhvperry491"
"302","rachelgarland8","04b8e97ae3a584000c6db2385db1ac95","rachelgarland8","rachel-garland34@janestrinket.com","""""","""""","rachelgarland8"
"303","rahul","439ed537979d8e831561964dbbbd7413","rahul","rahul@test.com","""""","""""","rahul"
"304","raj","65a1223dae83b8092c4edba0823a793c","raj","kjwnfr@FDDF.COM","""""","""""","raj"
"305","RAJEEV","8e91316eb3398a1b012d70edda521042","RAJEEV","RAJEEV.C.CHAWLA@GMAIL.COM","""""","""""","RAJEEV"
"306","Rama","9709a18af90797a8733ba7791414ccb8","Rama","vshree@hotmail.com","""""","""""","RamaVedashree"
"307","raphaelgarvey4","a430d4138cd3bec3d5d11a200e932bc1","raphaelgarvey4","raj@famousnews.site","""""","""""","raphaelgarvey4"
"308","raquelhillyard","8801e888262e133e4ce3aa4a72be25ed","raquelhillyard","raquel-hillyard81@serialnaruskom.ru","""""","""""","raquelhillyard"
"309","Ratan","3ad0ee59d89d4c0c8cd1b838f328f1b6","Ratan","rdavid.0911@gmail.com","""""","""""","RatanDavid"
"310","Ratna","833f4fe6eb92c73aa10c902632371eb4","Ratna","ratna.manjari@gmail.com","""""","""""","RatnaGManjari"
"311","raulleatherman7","1b236a65d45f32db13701b9e70297f94","raulleatherman7","raul.leatherman@serialhd1080.ru","""""","""""","raulleatherman7"
"312","Ravi","a3de90c0d6a5ec7dd82a779958d76a1c","Ravi","ravidevavarapu@gmail.com","""""","""""","RaviDevavarapu"
"313","reaganloader92","e604c9a0c272672e2fd6667c14bd9b97","reaganloader92","reagan_loader60@8filmov.ru","""""","""""","reaganloader92"
"314","rebekahgwk","d98509716077d80e251deca788e93e8d","rebekahgwk","mcdonald@olddog.care","""""","""""","rebekahgwk"
"315","renasirmans8930","0382d96440cdc90c42e1e7fbad549fc3","renasirmans8930","katherine@c.indiatravel.network","""""","""""","renasirmans8930"
"316","renatopie762585","02d36daa7da5ab3749f618302e456a0b","renatopie762585","renato_cobbs98@lostfilmhd720.ru","""""","""""","renatopie762585"
"317","retajowett2","ca0e9dda348456dae0a019b00178a644","retajowett2","nbriea5yn56aeg@outlook.com","""""","""""","retajowett2"
"318","rheafiedler4","18f3fdd5f844632a74b0a188fe5fab26","rheafiedler4","ethelecamachoxb@yahoo.com","""""","""""","rheafiedler4"
"319","richferry235889","e8aaa992f441e96a419b8c99c26a4bfb","richferry235889","rich_ferry60@serialnaruskom.ru","""""","""""","richferry235889"
"320","robyngreenberg","5a4849401a7dd83be201508bcfe8c935","robyngreenberg","robyn-greenberg83@8filmov.ru","""""","""""","robyngreenberg"
"321","rockydunbabin","70e16af4daf5dfb6cb0da2160e882f48","rockydunbabin","rocky-dunbabin@serialnaruskom.ru","""""","""""","rockydunbabin"
"322","rodrickhixson4","8992491998f13f1f4e60cce58404f959","rodrickhixson4","a.z.a.r.a.t.mit.rion.zi.n.t.o.s1.1@gmail.com","""""","""""","rodrickhixson4"
"323","rolland30d","28e3cc3e5dbd832a6a2e3f807970321f","rolland30d","rolland-foreman82@serialnaruskom.ru","""""","""""","rolland30d"
"324","rosalynpresler","e499a811e7680020ee9ac1a3ae5a11a8","rosalynpresler","willytoy1132@uiscape.com","""""","""""","rosalynpresler"
"325","rosemary7627","e518359d584e09087765bcf937a428e2","rosemary7627","herthagervaselbjo@yahoo.com","""""","""""","rosemary7627"
"326","roseparedes4","f03d4ed688035bcc8ab8b49c4b0a8eb3","roseparedes4","rose-paredes20@8filmov.ru","""""","""""","roseparedes4"
"327","rossdearborn490","3bbcd7fddfb6b6e66385d972f8fabdb5","rossdearborn490","ross-dearborn@serialnaruskom.ru","""""","""""","rossdearborn490"
"328","roxannerunyon09","61f33129da008290bd726b7cc754695b","roxannerunyon09","roxanne_runyon@8filmov.ru","""""","""""","roxannerunyon09"
"329","roycebaylor212","11c1bb6e4b8120cf0f51c7ee0b24f673","roycebaylor212","roycebaylor@new.cowsnbullz.com","""""","""""","roycebaylor212"
"330","rubinwheare","33452fd475c36e62804a6e6058547385","rubinwheare","rubin.wheare@janestrinket.com","""""","""""","rubinwheare"
"331","rupesh","ffa617bcca60f1705f808544edd945f1","rupesh","rupesh@test.com","""""","""""","rupesh"
"332","russbohr324127","85b532f67bd2a146cc3680d81aff2372","russbohr324127","toshiko@a.wifisolarcamera.store","""""","""""","russbohr324127"
"333","russelldalgleish","5d2968a23cf8b40e6ce534e12b4c49bb","russelldalgleish","russell_dalgleish@serialnaruskom.ru","""""","""""","russelldalgleish"
"334","salinabrandt","d9a025fa3564c2ec866108539e9bd83b","salinabrandt","silvana@g.hamsterbreeeding.com","""""","""""","salinabrandt"
"335","sallyn9055","348c0ab68f1cd76d1cd23ac036b0aec0","sallyn9055","sallyfreeland95@idea.blurelizer.com","""""","""""","sallyn9055"
"336","sandygantt545","ac73b05bd238e484bd57cc91cdea0787","sandygantt545","sandygantt2@pound.pumez.com","""""","""""","sandygantt545"
"337","Sarika","4e5d4a45395fd392c208c2402a58685c","Sarika","tanveerinamdar4@gmail.com","""""","""""","Sarika"
"338","saurav","8cf674180ea201eb14b12486eaef9f28","saurav","sauravcse07@gmail.com","""""","""""","saurav"
"339","saurav","8cf674180ea201eb14b12486eaef9f28","saurav","saurav@gmail.com","""""","""""","sauravkumar"
"340","sauravnew","a7def3c75f8248ac139c3923f4a584dd","sauravnew","sameersaurav07@gmail.com","""""","""""","sauravnew"
"341","savannahguzman","ef3542c8a29fc346cc3f7643d3f0c585","savannahguzman","savannah.guzman34@8filmov.ru","""""","""""","savannahguzman"
"342","selenestorm9","57783b55a8878c7482641fd77ec69aa2","selenestorm9","selene.storm86@8filmov.ru","""""","""""","selenestorm9"
"343","shannahorst302","58e95e1c02c49712f9a2a561670d2292","shannahorst302","shanna_horst33@8filmov.ru","""""","""""","shannahorst302"
"344","shantae89j","95c6afc701f81d79ec16e9bb688788a9","shantae89j","shantae-mcnicoll@tempr.email","""""","""""","shantae89j"
"345","shantellhepp8","0282dc5031e16dda195376b23373a7c2","shantellhepp8","bradleyheck4353@tempes.gq","""""","""""","shantellhepp8"
"346","shaunan73575466","56379f1ff8d8468e3013df8204e3b3dd","shaunan73575466","shauna-lamm29@serialnaruskom.ru","""""","""""","shaunan73575466"
"347","sheilasavage","add448f7f720589157288a2ed2ed2a91","sheilasavage","sheila.savage86@8filmov.ru","""""","""""","sheilasavage"
"348","sheldonbecerra","5c325f0fa521f63e8d642890ff5bdcb7","sheldonbecerra","sheldon.becerra23@serialnaruskom.ru","""""","""""","sheldonbecerra"
"349","shelliekw2253","a0b313a1e3df55ac640afd01e135e709","shelliekw2253","shelli_samuels@janestrinket.com","""""","""""","shelliekw2253"
"350","sherriesmyth65","b9f0da7ab1e817c094dddb00c0fd059b","sherriesmyth65","sherrie_smyth@serialnaruskom.ru","""""","""""","sherriesmyth65"
"351","sherrypridgen89","5683ed05db8c3b038ce793d2bb770d07","sherrypridgen89","gudequciz@zookeepers.co.uk","""""","""""","sherrypridgen89"
"352","Shivi","f9a07fc8015eea673c2a3d5e54374220","Shivi","shivi1211singh@gmail.com","""""","""""","ShiviSingh"
"353","Shshank","59c0f1a988efa3db6705d81f26235942","Shshank","shshank.pundir@gmail.com","""""","""""","ShshankPundir"
"354","siddhartha","2b651f73856219b06e9659b2867524d5","siddhartha","siddhartha.bharti1@gmail.com","""""","""""","siddhartha"
"355","simonehardie55","fe92ec9a2cf23552917117bca6593f45","simonehardie55","simone.hardie@kinosmotretonline.ru","""""","""""","simonehardie55"
"356","simonepainter","7581d3ead0a99379eb83ce27d4a96efa","simonepainter","myrtia@a.gsasearchenginerankerhelp.com","""""","""""","simonepainter"
"357","skwjacinto","dc60cdd17e6d82b3f9a9c47c86ed3a5a","skwjacinto","jacintocarney27@short.mixwi.com","""""","""""","skwjacinto"
"358","Sonali","93831e7c775281f19cc8eb04098db87a","Sonali","sonali.singh@protonmail.ch","""""","""""","SonaliSingh"
"359","soniacaban990","ed88048ba8b655fff9152d1499e359e5","soniacaban990","sonia_caban@serialnaruskom.ru","""""","""""","soniacaban990"
"360","Srija","0efbc17e9072ab9d5245918236fa1f03","Srija","thannirusrija@gmail.com","""""","""""","SrijaThanniru"
"361","SRINIVAS","b5f5c8cdd62346e6295fbe38af38bdb0","SRINIVAS","SRINIVASPAI66@YAHOO.COM","""""","""""","SRINIVASPAI"
"362","stepaniecomeau","b4da7350beb9b18430f6d0839f241db4","stepaniecomeau","zsa@gsavps.xyz","""""","""""","stepaniecomeau"
"363","stephanbeltran","b1db38a13d1f1ba675c44b5812ce6721","stephanbeltran","stephan.beltran42@amazonru.ru","""""","""""","stephanbeltran"
"364","stephendns","121bbec19d2e9853587720b815d01b50","stephendns","stephen.bellasis53@seriaonline.ru","""""","""""","stephendns"
"365","stuartbock432","4e26913328db4a2b5a8aaab178834d33","stuartbock432","stuart.bock@tempr.email","""""","""""","stuartbock432"
"366","Suneetha","f5eb052cde6a827b9a02d860fb1a8f7d","Suneetha","suneetha.prasanna@gmail.com","""""","""""","SuneethaPrasanna"
"367","Sunil","17aa1eb864dfc173fa7b67c05672591c","Sunil","sunil.aggi@gmail.com","""""","""""","SunilAgarwal"
"368","sushil","ae59c4f9fb45e71f3f25e2e55b006d37","sushil","skb@bhasin.in","""""","""""","sushil"
"369","Sushil","69eff99fa13eedf3ad68aa518292a697","Sushil","mahavirelectronic@gmail.com","""""","""""","SushilOswal"
"370","suzannepoland61","cc9586e2b372ba3985d66a6cca6a8dc6","suzannepoland61","suzanne_poland70@serialnaruskom.ru","""""","""""","suzannepoland61"
"371","swenoliveira627","0ba5ce31238dc282b3ccc6ebed15d956","swenoliveira627","swen_oliveira83@serialhd1080.ru","""""","""""","swenoliveira627"
"372","tammiefifield","68e41618339815c30eb7a7da18f6294d","tammiefifield","tammie_fifield14@lostfilmhd720.ru","""""","""""","tammiefifield"
"373","tammycorlis5","f6930e20a7f0e30b507369e6b2181e24","tammycorlis5","tayna@zawrotnyinternet.pl","""""","""""","tammycorlis5"
"374","tarah65232642163","34e9954f49a15baac458dcfd78c78b29","tarah65232642163","tarah.lavin40@lostfilmhd720.ru","""""","""""","tarah65232642163"
"375","terifrodsham6","114a4c605a9b05af1cc671e610c96985","terifrodsham6","teri_frodsham36@kinomegogoo.ru","""""","""""","terifrodsham6"
"376","terri49049","12180176979c1052bf14fc26210d4b4d","terri49049","terri_liddell80@8filmov.ru","""""","""""","terri49049"
"377","terrilevay4","00f73c254d6471b09e6bf14b5ed92ea7","terrilevay4","terri-levay@serialnaruskom.ru","""""","""""","terrilevay4"
"378","test","098f6bcd4621d373cade4e832627b4f6","test","test@gmail.com","""""","""""","test"
"379","test","098f6bcd4621d373cade4e832627b4f6","test","testttttttttttttttt@gmail.com","""""","""""","testtest"
"380","Test","0cbc6611f5540bd0809a388dc95a615b","Test","test@test.com","""""","""""","TestTest"
"381","tiaabreu45","c613b583828df4d33761d6ec1aed82f3","tiaabreu45","tia_abreu79@serialnaruskom.ru","""""","""""","tiaabreu45"
"382","tiffany77e","a01c293545a52649e10ab914629d8a6e","tiffany77e","tiffany-oliveira12@tempr.email","""""","""""","tiffany77e"
"383","tillytunnecliffe","9232780097a0076d9543d7d190d3dab8","tillytunnecliffe","tilly-tunnecliffe@serialnaruskom.ru","""""","""""","tillytunnecliffe"
"384","trevorhargett4","45d1aa9f1bcd3b54e07a17984ab63af4","trevorhargett4","trevor.hargett@su.dylanprotool.ga","""""","""""","trevorhargett4"
"385","treypvr776423076","9517309df2c2157d3055414a0e7ffc92","treypvr776423076","trey.jury@usgeek.org","""""","""""","treypvr776423076"
"386","Uma","747fc9cc9a0245b4da2ea33437eaabd1","Uma","umavalluri@gmail.com","""""","""""","UmaValluri"
"387","Ursula","ae84855966c14be2ab97b1065b60beeb","Ursula","ursulaedge@gmail.com","""""","""""","UrsulaEdginton"
"388","uscaleisha","c1bbf72c3d21b56cbd41f85a866384a2","uscaleisha","aleisha.wroblewski@tempr.email","""""","""""","uscaleisha"
"389","Vaibhav","4cacf5759a7172b81ef88f675e7b612b","Vaibhav","vmunot@hotmail.com","""""","""""","VaibhavMunot"
"390","valenciadraper","52656cb64d5d0d06322293647e562572","valenciadraper","valencia-draper59@serialhd1080.ru","""""","""""","valenciadraper"
"391","valeriajra","8020a33cda59ccc57e6bc98527e1ce68","valeriajra","zhanaydarova.ella@mail.ru","""""","""""","valeriajra"
"392","valorie72y","49d903fddc4ce9454991718f680f5b0e","valorie72y","valorie.busby56@serialhd1080.ru","""""","""""","valorie72y"
"393","vanjoris651","f283712c1eb0e7811c3923d7fd0253a4","vanjoris651","van-joris14@amazonru.ru","""""","""""","vanjoris651"
"394","Varsha","c5878a78fa0e8402a3bd258c4248b967","Varsha","varshakrishnagiri@gmail.com","""""","""""","VarshaKrishnagiri"
"395","venettaandrade5","81560f171d1aa060de41ad27e559d782","venettaandrade5","venetta-andrade27@serialhd1080.ru","""""","""""","venettaandrade5"
"396","venettafirkins0","8c29617386f189d6b91790cd3c7f9b87","venettafirkins0","ronniesforzaxehs@yahoo.com","""""","""""","venettafirkins0"
"397","venuslankford76","32ed5c47b19b8be9a146869eebc24911","venuslankford76","venus.lankford@serialnaruskom.ru","""""","""""","venuslankford76"
"398","Vijayamahantesh","0aae2be26e3b531521f0eb9be92dfdb0","Vijayamahantesh","goalvijay1@gmail.com","""""","""""","VijayamahanteshYargal"
"399","virgie1875","34626105a2baaa0dd743a194ded7ba41","virgie1875","virgie.sturgeon1@8filmov.ru","""""","""""","virgie1875"
"400","virginiaweed027","0b35f58655c3fbfe054b2cd1e72f2d37","virginiaweed027","virginia-weed62@janestrinket.com","""""","""""","virginiaweed027"
"401","vivianbrinkley","345419e9cd783207323f4701b8512950","vivianbrinkley","vivian-brinkley42@8filmov.ru","""""","""""","vivianbrinkley"
"402","wadeloughman95","76c05877af59760449fc9171fa166ec8","wadeloughman95","wade-loughman@serialnaruskom.ru","""""","""""","wadeloughman95"
"403","wadespafford8","2cd30e3cd481364adbd5ea2e6bf537ed","wadespafford8","wade-spafford@serialnaruskom.ru","""""","""""","wadespafford8"
"404","wdweve03559138","585f5ce87ef692bd83217ad2d64c46ce","wdweve03559138","eve_vargas76@tempr.email","""""","""""","wdweve03559138"
"405","wendistonor785","ac048f757c2ec99b3cea2c85bcf78052","wendistonor785","wendi-stonor@serialnaruskom.ru","""""","""""","wendistonor785"
"406","wernerivv47","658f071ff69ac998ccdfedeb3e520db0","wernerivv47","wernercraig47@pound.pumez.com","""""","""""","wernerivv47"
"407","whitneyboreham","8221a37ee787c8df55a7d15c1b4ad80b","whitneyboreham","putskova.lelya@mail.ru","""""","""""","whitneyboreham"
"408","wildal645059748","aa33a65fa72f7d171f4c4cecf3c6b5b4","wildal645059748","wilda.ullathorne@serialhd1080.ru","""""","""""","wildal645059748"
"409","wilhelminaacker","febcbea72d8aacac8352573f3b001236","wilhelminaacker","wilhelmina_acker3@8filmov.ru","""""","""""","wilhelminaacker"
"410","Willy","ec1089fa8db98068303351bf86f5df73","Willy","willy@omprakash.org","""""","""""","WillyOppenheim"
"411","wiltonlumpkins0","864e337b350e76207300a83d4d8baac3","wiltonlumpkins0","wilton_lumpkins97@serialhd1080.ru","""""","""""","wiltonlumpkins0"
"412","winfred14x","b407db3691ce59dd7030016d3fecf2c7","winfred14x","winfred-mcgehee@8filmov.ru","""""","""""","winfred14x"
"413","xzzbrent97361","61e107a73482e6b2b192645ce028b5ae","xzzbrent97361","fixphoto.presetsde97@gmail.com","""""","""""","xzzbrent97361"
"414","Yamini","7ddf7c2aadac15f63270293c769f24d1","Yamini","sawant.yamini@gmail.com","""""","""""","YaminiSawant"
"415","yarmaynard","3880e7b1f27ccae2e22441b208e035c7","yarmaynard","maynard.reynoso26@serialnaruskom.ru","""""","""""","yarmaynard"
"416","yettatrego","272a6900111b9214b20e961af568a6f6","yettatrego","r.eb.o.r.de.r.pas.sere.t@gmail.com","""""","""""","yettatrego"
"417","zenaidamendelsoh","1f6e9d716e62a8e6e80d5b84f1f69d9c","zenaidamendelsoh","bethany@i.wirelessphonecharger.club","""""","""""","zenaidamendelsoh"
"418","zkqgilda883","6d0211728688a9f1541a9c8da6a7bf8f","zkqgilda883","gilda_loy25@8filmov.ru","""""","""""","zkqgilda883"
"419","zztsharyn3446329","cd567ebdefa6a96e02f7ec9e05464b19","zztsharyn3446329","ananda@logincbet.asia","""""","""""","zztsharyn3446329"
"420","Shubham","7894debad19a114b7d584359c33af99c","Shubham","pandeygreen5@gmail.com","""""","""""","ShubhamBhatt"
"421","Global","4cc6684df7b4a92b1dec6fce3264fac8","Global","kaif@gmail.com","""""","""""","GlobalRacers"
"422","sayyed safder","267e0c3e18a699d334de448d4e68a381","sayyed safder","ali@gmail.com","""""","""""","sayyed safderali"
"423","","d41d8cd98f00b204e9800998ecf8427e","","","""""","""""",""
"424","","d41d8cd98f00b204e9800998ecf8427e","","self@gmail.com","""""","""""",""
"425","","d41d8cd98f00b204e9800998ecf8427e","","amangroover@gmail.com","""""","""""",""
"426","global","9c70933aff6b2a6d08c687a6cbb6b765","global","globalracer2020@gmail.com","""""","""""","globalSTreetracer"
"427","","d41d8cd98f00b204e9800998ecf8427e","","abhishek@greenusys.com","""""","""""",""
"428","","d41d8cd98f00b204e9800998ecf8427e","","abhishek@greenusys.com","""""","""""",""
"429","","d41d8cd98f00b204e9800998ecf8427e","","katherine@c.indiatravel.network","""""","""""",""
"430","","d41d8cd98f00b204e9800998ecf8427e","","katherine@c.indiatravel.network","""""","""""",""
"431","","d41d8cd98f00b204e9800998ecf8427e","","katherine@c.indiatravel.network","""""","""""",""
"432","","d41d8cd98f00b204e9800998ecf8427e","","joker24@exnik.com","""""","""""",""
"433","","d41d8cd98f00b204e9800998ecf8427e","","mobiqrcode@gmail.com","""""","""""",""
"434","","d41d8cd98f00b204e9800998ecf8427e","","info@globeracers.com","""""","""""",""
"435","","d41d8cd98f00b204e9800998ecf8427e","","rozochka_katrenko@mail.ru","""""","""""",""
"436","","d41d8cd98f00b204e9800998ecf8427e","","katherine@c.indiatravel.network","""""","""""",""
"437","","d41d8cd98f00b204e9800998ecf8427e","","katherine@c.indiatravel.network","""""","""""",""
"438","","d41d8cd98f00b204e9800998ecf8427e","","gilbertojerome@mcdrives.com","""""","""""",""
"439","","d41d8cd98f00b204e9800998ecf8427e","","abcde@gmail.com","""""","""""",""
"440","","d41d8cd98f00b204e9800998ecf8427e","","katherine@c.indiatravel.network","""""","""""",""
"441","","d41d8cd98f00b204e9800998ecf8427e","","katherine@c.indiatravel.network","""""","""""",""
"442","","d41d8cd98f00b204e9800998ecf8427e","","katherine@c.indiatravel.network","""""","""""",""
"443","","d41d8cd98f00b204e9800998ecf8427e","","tobi@j.thailandresort.asia","""""","""""",""
"444","Aman","95a6080a7a999364880885c180d92bb5","Aman","amangroover@gmail.com","""""","""""","AmanGrover"
"445","Aman","95a6080a7a999364880885c180d92bb5","Aman","aman@wastewarriors.org","""""","""""","AmanGrover"
"446","Swapnil","691db094f37fc0ddd411ec4e7b9ac7bc","Swapnil","pawar.swapnilg@gmail.com","""""","""""","SwapnilGovindPawar"
"447","","d41d8cd98f00b204e9800998ecf8427e","","aatmbodh1@gmail.com","""""","""""",""
"448","Aatm","e629802b38439c6c8606f15fc9bc663a","Aatm","aatmbodh1@gmail.com","""""","""""","Aatmbodh"
"449","","d41d8cd98f00b204e9800998ecf8427e","","admin@admin.com","""""","""""",""
"450","Harikiruban.k","eb9710f959c035d942a9f702f67c4f94","Harikiruban.k","harishpanther6666@gmail.com","""""","""""","Harikiruban.kHariKiruban"
"451","","d41d8cd98f00b204e9800998ecf8427e","","preferapp00@gmail.com","""""","""""",""
"452","","d41d8cd98f00b204e9800998ecf8427e","","ksimmsimm@gmail.com","""""","""""",""
"453","Aman","95a6080a7a999364880885c180d92bb5","Aman","aman@wastewarriors.org","""""","""""","AmanGrover"
"454","","d41d8cd98f00b204e9800998ecf8427e","","katherine@c.indiatravel.network","""""","""""",""
"455","","d41d8cd98f00b204e9800998ecf8427e","","maurinebadeflrd@yahoo.com","""""","""""",""
"456","Sudeep","4051918ba5dd57f98cbfc4847a5da354","Sudeep","sudeepanurag@gmail.com","""""","""""","SudeepAnurag"
"457","","d41d8cd98f00b204e9800998ecf8427e","","katherine@c.indiatravel.network","""""","""""",""
"458","Ramit","936addb2535914a60be9f1fffb4e570d","Ramit","ramit.wadhwa@gmail.com","""""","""""","RamitWadhwa"
"15555","","d41d8cd98f00b204e9800998ecf8427e","","khajuria.nitish@gmail.com","""""","""""",""
"25555","","d41d8cd98f00b204e9800998ecf8427e","","gpintu061@gmail.com","""""","""""",""
"35555","","d41d8cd98f00b204e9800998ecf8427e","","idsandeep@gmail.com","""""","""""",""
"45555","","d41d8cd98f00b204e9800998ecf8427e","","jineshpillai@ymail.com","""""","""""",""
"55555","AAA2000","8b7d8a8e664343522c4483cb1f8238bf","AAA2000","athani@live.com","""""","""""","AAA2000"
"65555","aaisus","c3478c418051cc6b8f1502b758f82682","aaisus","aaisusingh8154@gmail.com","""""","""""","aaisus"
"75555","abew17120100","9510ba19146f32eebf448e387407fbb0","abew17120100","arlenacardleliqh@yahoo.com","""""","""""","abew17120100"
"85555","abraham","248706c023957db08d14f39749879207","abraham","abrahamjul@gmail.com","""""","""""","abraham"
"95555","Aditya","0bfb331611cbcf420b38f73e1936f836","Aditya","aditya.meesala@gmail.com","""""","""""","AdityaMeesala"