firstname,middle_name,lastname,user_email,user_password
,,,khajuria.nitish@gmail.com,cGFzc3dvcmQ=
,,,gpintu061@gmail.com,cGFzc3dvcmQ=
,,,idsandeep@gmail.com,cGFzc3dvcmQ=
,,,jineshpillai@ymail.com,cGFzc3dvcmQ=
AAA2000,,,athani@live.com,cGFzc3dvcmQ=
aaisus,,,aaisusingh8154@gmail.com,cGFzc3dvcmQ=
abew17120100,,,arlenacardleliqh@yahoo.com,cGFzc3dvcmQ=
abraham,,,abrahamjul@gmail.com,cGFzc3dvcmQ=
Aditya,,Meesala,aditya.meesala@gmail.com,cGFzc3dvcmQ=
admin,,,admin@globe.joff.in,cGFzc3dvcmQ=
Adnan,,Shaiwala,adnanshaiwala@gmail.com,cGFzc3dvcmQ=
adrienemccarthy,,,taneshaprell@23.8.dnsabr.com,cGFzc3dvcmQ=
aisha65j867,,,aisha-heisler33@serialhd1080.ru,cGFzc3dvcmQ=
alanmowery69,,,helviegrundyl7iq@yahoo.com,cGFzc3dvcmQ=
aleishablacket,,,lucila@firstaidkit.services,cGFzc3dvcmQ=
aleishaswaney4,,,aleisha_swaney@janestrinket.com,cGFzc3dvcmQ=
alexander79p,,,alexander_tyson80@tempr.email,cGFzc3dvcmQ=
Alfredo,,Miranda,alfredo.miranda@gmail.com,cGFzc3dvcmQ=
ALI,LAKDAWALA,AKBER,akber_l@yahoo.com,cGFzc3dvcmQ=
aliceprettyman,,,alice.prettyman19@8filmov.ru,cGFzc3dvcmQ=
aline27p64841878,,,grazyna@h.handwashgel.online,cGFzc3dvcmQ=
alvap507291494,,,alva.stansberry@8filmov.ru,cGFzc3dvcmQ=
amganibal868979,,,anibal_houle38@serialhd1080.ru,cGFzc3dvcmQ=
AMRENDER12,,,amrender123@gmail.com,cGFzc3dvcmQ=
andreatarver4,,,madeleinedeguireomaw@yahoo.com,cGFzc3dvcmQ=
andresfurr38,,,kristen@c.indiatravel.network,cGFzc3dvcmQ=
angelika79t,,,angelika.hendrick@serialnaruskom.ru,cGFzc3dvcmQ=
annabellec90,,,annabelle.cambage@8filmov.ru,cGFzc3dvcmQ=
annecka0256,,,anne_odonovan23@amazonru.ru,cGFzc3dvcmQ=
antoinettesoul,,,antoinette.soul69@janestrinket.com,cGFzc3dvcmQ=
antoniacorones3,,,antonia.corones@8filmov.ru,cGFzc3dvcmQ=
antoniotoups31,,,antonio_toups51@serialnaruskom.ru,cGFzc3dvcmQ=
Aparna,,Kanaparthi,aparnakanaparthi@hotmail.com,cGFzc3dvcmQ=
aracelyauld1,,,aracely_auld@janestrinket.com,cGFzc3dvcmQ=
arletha7590,,,arletha-mccree@amazonru.ru,cGFzc3dvcmQ=
armandgiron237,,,armand-giron70@serialnaruskom.ru,cGFzc3dvcmQ=
arnettejuergens,,,arnette_juergens@janestrinket.com,cGFzc3dvcmQ=
Ashish,,Kapadiya,ashishkapadiya2003@gmail.com,cGFzc3dvcmQ=
augustinakimber,,,augustina_kimber@serialhd1080.ru,cGFzc3dvcmQ=
auroracarlisle6,,,aurora.carlisle@lagi.dylanprotool.ga,cGFzc3dvcmQ=
Avinash,,Singh,avinash@wastewarriors.org,cGFzc3dvcmQ=
Azhar,,Tambuwala,azhar@seasonz.in,cGFzc3dvcmQ=
Badrinath,,P,badrinath15@gmail.com,cGFzc3dvcmQ=
Banashree,,Das,das.banashree@gmail.com,cGFzc3dvcmQ=
barrychunggon69,,,joker27@exnik.com,cGFzc3dvcmQ=
barryhaddon121,,,barry.haddon23@8filmov.ru,cGFzc3dvcmQ=
belindafreeleagu,,,rebord.e.r.pas.ser.et@gmail.com,cGFzc3dvcmQ=
bencdi40483114,,,ben.mcgahey80@serialnaruskom.ru,cGFzc3dvcmQ=
bennieshrader2,,,bennie_shrader27@serialhd1080.ru,cGFzc3dvcmQ=
bepyqyrdwyw,,,bepyqyrdwyw@desry.com,cGFzc3dvcmQ=
bernardlazar,,,bernard-lazar8@serialhd1080.ru,cGFzc3dvcmQ=
bertiejulian880,,,khristina.gergedava@mail.ru,cGFzc3dvcmQ=
bertienicholls,,,bertie_nicholls44@tempr.email,cGFzc3dvcmQ=
bettyforet6,,,betty.foret67@serialnaruskom.ru,cGFzc3dvcmQ=
Bharati,,Shah,bharatinavneetshah@gmail.com,cGFzc3dvcmQ=
BHUPISUHAG,,,bhupisuhag@gmail.com,cGFzc3dvcmQ=
BIJENDRA,,SEMWAL,bijsemwal@gmail.com,cGFzc3dvcmQ=
bonnytyrrell929,,,bonny_tyrrell43@8filmov.ru,cGFzc3dvcmQ=
borisfitzgibbon,,,borisfitzgibbon79@pound.pumez.com,cGFzc3dvcmQ=
bradleydeffell8,,,shirley@zawrotnyinternet.pl,cGFzc3dvcmQ=
BrianJohn,,,barganbright@transy.edu,cGFzc3dvcmQ=
briannalower64,,,brianna-lower95@serialnaruskom.ru,cGFzc3dvcmQ=
brittanyvillegas,,,brittany-villegas@kinomegogoo.ru,cGFzc3dvcmQ=
brittneyloader2,,,brittney-loader@lostfilmhd720.ru,cGFzc3dvcmQ=
brodericksupple,,,broderick_supple48@serialnaruskom.ru,cGFzc3dvcmQ=
brunou8973,,,milagros@f.flynow.link,cGFzc3dvcmQ=
brycepollock613,,,bryce-pollock@8filmov.ru,cGFzc3dvcmQ=
Burhanuddin,,Pedhiwala,burhan.pedhiwala@gmail.com,cGFzc3dvcmQ=
candyackermann,,,candy-ackermann80@8filmov.ru,cGFzc3dvcmQ=
carahellyer,,,juana@j.bettereyesight.store,cGFzc3dvcmQ=
carlovens317,,,nikigastonguaycsns@yahoo.com,cGFzc3dvcmQ=
carolynvisconti,,,s.h.eikhsh.o.he.l.58.9@gmail.com,cGFzc3dvcmQ=
carrifoland4718,,,carri_foland22@8filmov.ru,cGFzc3dvcmQ=
casieainsworth,,,gracecolon5889@tempes.gq,cGFzc3dvcmQ=
casiec9680163,,,casie.kenyon67@tempr.email,cGFzc3dvcmQ=
catharinephillip,,,catharine.phillips@tempr.email,cGFzc3dvcmQ=
cathleendonohue,,,cathleen.donohue@serialnaruskom.ru,cGFzc3dvcmQ=
celestebryson2,,,celeste-bryson@serialnaruskom.ru,cGFzc3dvcmQ=
celestetalarico,,,celeste-talarico46@serialhd1080.ru,cGFzc3dvcmQ=
cfadanny65897,,,danny-gist81@amazonru.ru,cGFzc3dvcmQ=
chanelbills0,,,aracelydeppnerbubg@yahoo.com,cGFzc3dvcmQ=
chanelmxa606,,,chaneltomholt40@pound.pumez.com,cGFzc3dvcmQ=
charisclaude,,,afif@logincbet.asia,cGFzc3dvcmQ=
chariskingsford,,,charis.kingsford24@seriaonline.ru,cGFzc3dvcmQ=
charmainwinter2,,,xgeoffryev4o456xy4ige@outlook.com,cGFzc3dvcmQ=
chassidydelancey,,,chassidy.delancey44@janestrinket.com,cGFzc3dvcmQ=
cherylferris1,,,dave@j.bettereyesight.store,cGFzc3dvcmQ=
chetclaude0,,,chet-claude54@serialnaruskom.ru,cGFzc3dvcmQ=
Chethana,,Kanaparthi,ckanaparthi@yahoo.com,cGFzc3dvcmQ=
chongsingleton2,,,chong.singleton44@serialnaruskom.ru,cGFzc3dvcmQ=
chrissolorio,,,zahara@b.solarlamps.store,cGFzc3dvcmQ=
chrissouthard21,,,pambudi@logincbet.asia,cGFzc3dvcmQ=
christi47o,,,christi-burchell80@guideheroes.com,cGFzc3dvcmQ=
christianeflourn,,,rebord.er.pa.s.s.er.e.t@gmail.com,cGFzc3dvcmQ=
cindakelleher,,,mel@odzywkidorzes.eu,cGFzc3dvcmQ=
clairehollander,,,clairehollander18@pound.pumez.com,cGFzc3dvcmQ=
clementeastman,,,clement.eastman4@serialnaruskom.ru,cGFzc3dvcmQ=
colleenslapoffsk,,,colleen_slapoffski24@serialnaruskom.ru,cGFzc3dvcmQ=
coolmanishdhiman,,,coolmanishdhiman@gmail.com,cGFzc3dvcmQ=
crystlealford1,,,crystle.alford98@serialnaruskom.ru,cGFzc3dvcmQ=
danialthompson,,,danial_thompson@kinosmotretonline.ru,cGFzc3dvcmQ=
danilokeartland,,,danilo-keartland7@tempr.email,cGFzc3dvcmQ=
darelllampman4,,,darell.lampman@serialnaruskom.ru,cGFzc3dvcmQ=
davidaelrod92,,,davida_elrod89@kinomegogoo.ru,cGFzc3dvcmQ=
demit9834354,,,demi-bain@serialnaruskom.ru,cGFzc3dvcmQ=
derickemma2,,,shizukosankofftaml@yahoo.com,cGFzc3dvcmQ=
dewittallsop,,,dewitt_allsop90@kinosmotretonline.ru,cGFzc3dvcmQ=
Dhanashree,,Shingvi,shingvidhanashree@gmail.com,cGFzc3dvcmQ=
dianeknox080855,,,phillip@obesityhelp.online,cGFzc3dvcmQ=
dongsegal542334,,,dong_segal@amazonru.ru,cGFzc3dvcmQ=
Dr,Wadhwa,Ramit,ramit.wadhwa@gmail.com,cGFzc3dvcmQ=
dulcietong099,,,elviapapsteinlilz@yahoo.com,cGFzc3dvcmQ=
dustingoff,,,dustin_goff@tempr.email,cGFzc3dvcmQ=
earllindgren645,,,earllindgren63@use.hellohappy2.com,cGFzc3dvcmQ=
edgarlett43,,,ismaelkeys3391@dvd.dns-cloud.net,cGFzc3dvcmQ=
edward6790,,,edward-lapointe66@amazonru.ru,cGFzc3dvcmQ=
elisenaugle226,,,elise_naugle@8filmov.ru,cGFzc3dvcmQ=
ellenhall314,,,reb.or.d.er..passe.re.t@gmail.com,cGFzc3dvcmQ=
elviraseddon,,,marina-reunkova@mail.ru,cGFzc3dvcmQ=
ernestocohen75,,,ernesto-cohen@serialhd1080.ru,cGFzc3dvcmQ=
estelleweddle,,,sh.eikhs.h.ohel.589@gmail.com,cGFzc3dvcmQ=
etheltorrez34,,,cristenschmeecklesdip@yahoo.com,cGFzc3dvcmQ=
evarosenstengel,,,eva_rosenstengel@serialhd1080.ru,cGFzc3dvcmQ=
everette55k,,,everette-poulson100@amazonru.ru,cGFzc3dvcmQ=
evonnemarden3,,,evonne.marden23@amazonru.ru,cGFzc3dvcmQ=
ezequielschlunke,,,ezequiel-schlunke@8filmov.ru,cGFzc3dvcmQ=
ezwila3668642709,,,mammiecosh@happyfreshdrink.com,cGFzc3dvcmQ=
fannybetz11,,,fanny.betz@kinosmotretonline.ru,cGFzc3dvcmQ=
faye45t03675678,,,faye-sigler14@serialnaruskom.ru,cGFzc3dvcmQ=
federicolabarre,,,federico.labarre85@usamami.com,cGFzc3dvcmQ=
feliciabeem,,,felicia_beem@8filmov.ru,cGFzc3dvcmQ=
fideliak73,,,fidelia-hartsock47@janestrinket.com,cGFzc3dvcmQ=
floridaejr,,,uta@b.solarlamps.store,cGFzc3dvcmQ=
francescar71,,,francesca_carlino50@8filmov.ru,cGFzc3dvcmQ=
frederickhellyer,,,e14@exnik.com,cGFzc3dvcmQ=
freshnewso,,,freshnews11@hotmail.com,cGFzc3dvcmQ=
garry833612,,,garry-bowman@serialhd1080.ru,cGFzc3dvcmQ=
gayellewelyn,,,gaye.llewelyn40@serialhd1080.ru,cGFzc3dvcmQ=
genawinters1753,,,gena_winters@janestrinket.com,cGFzc3dvcmQ=
giax241598056953,,,gia-ledet@8filmov.ru,cGFzc3dvcmQ=
gingerpichardo,,,bel@b.solarlamps.store,cGFzc3dvcmQ=
gordonwagstaff,,,gordonwagstaff91@pound.pumez.com,cGFzc3dvcmQ=
gpivickie41830,,,vickie-draper66@serialnaruskom.ru,cGFzc3dvcmQ=
grazynahamblen,,,r.eborder.pa.sse.r.et@gmail.com,cGFzc3dvcmQ=
gregcrespo40,,,greg.crespo18@8filmov.ru,cGFzc3dvcmQ=
Groover,,,amangroover@gmail.com,cGFzc3dvcmQ=
Grooverism,,,aman@wastewarriors.org,cGFzc3dvcmQ=
Gunjan,,Shah,gunjans.shah@gmail.com,cGFzc3dvcmQ=
gwenh6330478,,,tommyjohnsonjwdi@yahoo.com,cGFzc3dvcmQ=
gypwtfosrfi,,,gypwtfosrfi@demo.com,cGFzc3dvcmQ=
halinaschafer,,,halina.schafer@serialnaruskom.ru,cGFzc3dvcmQ=
haroldseabolt79,,,harold-seabolt@serialnaruskom.ru,cGFzc3dvcmQ=
harriethatfield,,,harriet_hatfield@serialhd1080.ru,cGFzc3dvcmQ=
harriettnorriss,,,harriett_norriss@kinomegogoo.ru,cGFzc3dvcmQ=
Harshal,,Oswal,harshal@skylarrlabs.com,cGFzc3dvcmQ=
hellentxx7397,,,hellen_grammer71@serialnaruskom.ru,cGFzc3dvcmQ=
hellenzis3627225,,,hellen-landseer@serialnaruskom.ru,cGFzc3dvcmQ=
herbert24o,,,zoiladraper@pecinan.com,cGFzc3dvcmQ=
hhmdqvwkjob,,,hhmdqvwkjob@desry.com,cGFzc3dvcmQ=
hildaauld49,,,hilda_auld@8filmov.ru,cGFzc3dvcmQ=
hiltonsturgis1,,,hilton.sturgis@tempr.email,cGFzc3dvcmQ=
icedoutjewelry,,,icedoutjewelry@hgcitations.com,cGFzc3dvcmQ=
iejelisa79825815,,,boydbyers4581@mailcatch.com,cGFzc3dvcmQ=
ingeborgosh,,,vladlen.lupeko@mail.ru,cGFzc3dvcmQ=
iruwixagbia,,,iruwixagbia@demo.com,cGFzc3dvcmQ=
isabelchild3192,,,isabel.child90@8filmov.ru,cGFzc3dvcmQ=
ismaelkernot594,,,ismael_kernot34@8filmov.ru,cGFzc3dvcmQ=
ivyalbritton461,,,ivy.albritton56@8filmov.ru,cGFzc3dvcmQ=
jackfetherstonha,,,jack-fetherstonhaugh@astrologyforall.online,cGFzc3dvcmQ=
jackiemetcalfe8,,,christelcallaghan8415@8.dnsabr.com,cGFzc3dvcmQ=
Jacob,,Boopalan,milemuncher@gmail.com,cGFzc3dvcmQ=
jacquiecolby,,,maisiemathews4415@panchoalts.com,cGFzc3dvcmQ=
jamescyi462,,,james_sweeney35@new.hellohappy2.com,cGFzc3dvcmQ=
jamilaskillen6,,,jamila.skillen13@tempr.email,cGFzc3dvcmQ=
jamisonbfa,,,donniezweig1151@tempr.email,cGFzc3dvcmQ=
janinerhyne,,,janine_rhyne50@8filmov.ru,cGFzc3dvcmQ=
jannie5288,,,jannie.baader@serialnaruskom.ru,cGFzc3dvcmQ=
janniemcdade914,,,mariettadante@mcdrives.com,cGFzc3dvcmQ=
jeffrycastle67,,,jeffry.castle90@amazonru.ru,cGFzc3dvcmQ=
jeniferpalmquist,,,jenifer-palmquist@8filmov.ru,cGFzc3dvcmQ=
Jenil,,Rambhiya,insane.nawab0628@gmail.com,cGFzc3dvcmQ=
jerilynedo,,,jerilyn.mouton92@tempr.email,cGFzc3dvcmQ=
jerolddickerson,,,jerold-dickerson@janestrinket.com,cGFzc3dvcmQ=
Jhansi,,Kanaparthi,jhansikanaparthi@yahoo.com,cGFzc3dvcmQ=
jodytaber08301,,,seofreedownload2@gmail.com,cGFzc3dvcmQ=
Joe,,Deja,findyouradventuredaily@gmail.com,cGFzc3dvcmQ=
joelcoles76669,,,joel_coles7@janestrinket.com,cGFzc3dvcmQ=
joeytucker,,,jamesbartlettw4du@yahoo.com,cGFzc3dvcmQ=
johannafoletta,,,johanna-foletta@8filmov.ru,cGFzc3dvcmQ=
jonibracegirdle,,,anissarahepi@yahoo.com,cGFzc3dvcmQ=
jonnierutt22867,,,rodgercoggins@laokzmaqz.tech,cGFzc3dvcmQ=
judedodd076,,,jude.dodd73@janestrinket.com,cGFzc3dvcmQ=
judsonc18259,,,judson-frayne90@serialnaruskom.ru,cGFzc3dvcmQ=
justinedoolette,,,yuriycrfgo@outlook.com,cGFzc3dvcmQ=
kandacehefner29,,,mardiansyah@logincbet.asia,cGFzc3dvcmQ=
kartik,,,kartik_prashar@yahoo.com,cGFzc3dvcmQ=
kassienolte3,,,kassie.nolte44@amazonru.ru,cGFzc3dvcmQ=
katherinabreshea,,,katherina-breshears23@serialhd1080.ru,cGFzc3dvcmQ=
kathir1980,,,k.kathir1980@gmail.com,cGFzc3dvcmQ=
Kavitha,,Kanaparthi,simmsimm@email.com,cGFzc3dvcmQ=
Kavitha,,Kanaparthi,ksimmsimm@gmail.com,cGFzc3dvcmQ=
keishaelt0800,,,kristoferwhitehurst@8.dnsabr.com,cGFzc3dvcmQ=
kennyocallaghan,,,kenny_ocallaghan@8filmov.ru,cGFzc3dvcmQ=
kermitwallner4,,,kermit_wallner31@kinosmotretonline.ru,cGFzc3dvcmQ=
kerrydunagan,,,kylie@b.homeimprovements.site,cGFzc3dvcmQ=
Kk,,Kk,cva@gmail.com,cGFzc3dvcmQ=
korylarue779241,,,christikittredge@0815.ru,cGFzc3dvcmQ=
Krishan,Sood,Dev,kdsood72@gmail.com,cGFzc3dvcmQ=
kristasiddons9,,,krista.siddons@serialnaruskom.ru,cGFzc3dvcmQ=
kristie7122,,,kristie-kenyon@8filmov.ru,cGFzc3dvcmQ=
kristineamies11,,,kristine.amies6@8filmov.ru,cGFzc3dvcmQ=
krystynamacvitie,,,carashelstadvdyv@yahoo.com,cGFzc3dvcmQ=
kurtabrams9188,,,kurt_abrams14@janestrinket.com,cGFzc3dvcmQ=
lahdarlene,,,darlenecolton60@pound.pumez.com,cGFzc3dvcmQ=
lakeshahowell2,,,lakesha.howell40@kinomegogoo.ru,cGFzc3dvcmQ=
landonc4814,,,karry@c.wirelesschargers.xyz,cGFzc3dvcmQ=
latanyamartinovi,,,latanya_martinovich89@kinomegogoo.ru,cGFzc3dvcmQ=
latashialonergan,,,latashia-lonergan@amazonru.ru,cGFzc3dvcmQ=
latonyapriestley,,,latonya.priestley8@amazonru.ru,cGFzc3dvcmQ=
laurellayton449,,,janifer@e.hamstercage.online,cGFzc3dvcmQ=
leannewyrick5,,,leanne.wyrick1@8filmov.ru,cGFzc3dvcmQ=
leiapinkston716,,,leia-pinkston@8filmov.ru,cGFzc3dvcmQ=
leoradubose23,,,analiese@medicalfacemask.life,cGFzc3dvcmQ=
leoseiffert,,,danilohamm5567@pecinan.com,cGFzc3dvcmQ=
liliamoen3,,,lilia-moen@tempr.email,cGFzc3dvcmQ=
linjefferson6,,,lin.jefferson@kinosmotretonline.ru,cGFzc3dvcmQ=
linnierimmer,,,agustinfidelia@werkbike.com,cGFzc3dvcmQ=
loisdipietro68,,,mobiqrcode@gmail.com,cGFzc3dvcmQ=
lolaaitken60,,,lola-aitken1@amazonru.ru,cGFzc3dvcmQ=
lorigpa638129,,,margarettesolliebady@yahoo.com,cGFzc3dvcmQ=
lowellwozniak5,,,tatiana@zawrotnyinternet.pl,cGFzc3dvcmQ=
lucianahaswell,,,luciana_haswell@tempr.email,cGFzc3dvcmQ=
lucilebarr,,,lucilebarr83@study.jaffx.com,cGFzc3dvcmQ=
lyndongerstaecke,,,lyndon-gerstaecker@serialnaruskom.ru,cGFzc3dvcmQ=
lynnromilly36,,,lynn.romilly@tempr.email,cGFzc3dvcmQ=
mackenziemaye10,,,mackenzie-maye@amazonru.ru,cGFzc3dvcmQ=
madelaineeyler7,,,madelaine_eyler@tempr.email,cGFzc3dvcmQ=
Madhuri,,Nallamothu,mailmadhu7@gmail.com,cGFzc3dvcmQ=
Mahasweta,,Ghosh,mahasweta911@gmail.com,cGFzc3dvcmQ=
makayladownard9,,,makayla-downard36@8filmov.ru,cGFzc3dvcmQ=
Mandeep,,Singh,ghim.mandeep@gmail.com,cGFzc3dvcmQ=
manietrice0,,,manie.trice16@serialhd1080.ru,cGFzc3dvcmQ=
Manik,,Dhodi,manikdhodi@yahoo.com,cGFzc3dvcmQ=
Manjusha,,Inglay,imanjusha@yahoo.com,cGFzc3dvcmQ=
marciadingle,,,marcia-dingle@serialnaruskom.ru,cGFzc3dvcmQ=
margheritajoiner,,,margherita_joiner@serialnaruskom.ru,cGFzc3dvcmQ=
marianfarkas,,,marian.farkas@janestrinket.com,cGFzc3dvcmQ=
marianne18i,,,gregoryroperoup2s@yahoo.com,cGFzc3dvcmQ=
marisolhalley,,,marisol.halley@serialhd1080.ru,cGFzc3dvcmQ=
marquisbannister,,,q.w.enqw.e.nl.olo.p@gmail.com,cGFzc3dvcmQ=
marylynforshee,,,marylyn_forshee@8filmov.ru,cGFzc3dvcmQ=
mbbmamie81073,,,mamie.donnelly@amazonru.ru,cGFzc3dvcmQ=
MEENAL,,Bishnoi,meenalbishnoi@gmail.com,cGFzc3dvcmQ=
melbagilliam111,,,loreanklotzbachvazw@yahoo.com,cGFzc3dvcmQ=
mervinpennell47,,,mervin.pennell@8filmov.ru,cGFzc3dvcmQ=
michaledarcy7,,,michale-darcy49@tempr.email,cGFzc3dvcmQ=
mickeybayldon,,,frances@g.brainboostingsupplements.org,cGFzc3dvcmQ=
mickeyqgk849901,,,willardlovejoy8245@1mail.x24hr.com,cGFzc3dvcmQ=
mildred98d,,,mildred-will@serialhd1080.ru,cGFzc3dvcmQ=
mileshersh,,,lenniehoernerozaq@yahoo.com,cGFzc3dvcmQ=
millardbinette,,,millard.binette@serialnaruskom.ru,cGFzc3dvcmQ=
milliematheson9,,,asyari@logincbet.asia,cGFzc3dvcmQ=
milopinckney10,,,r.e.bor.d.e.r..p.as.ser.et@gmail.com,cGFzc3dvcmQ=
mindah37575786,,,minda-prindle@8filmov.ru,cGFzc3dvcmQ=
mirandaryder757,,,miranda-ryder98@serialnaruskom.ru,cGFzc3dvcmQ=
mireyabinkley87,,,jewell@weihnachtswunsche.eu,cGFzc3dvcmQ=
mittiegallant,,,mittie_gallant41@janestrinket.com,cGFzc3dvcmQ=
mittiescott6627,,,mittie-scott1@serialhd1080.ru,cGFzc3dvcmQ=
mohammadduckwort,,,mohammad_duckworth@serialnaruskom.ru,cGFzc3dvcmQ=
moniquemaclurcan,,,zulemashurtliffsdhd@yahoo.com,cGFzc3dvcmQ=
morrisbach582,,,admin@honda.dylanprotool.ga,cGFzc3dvcmQ=
mtsstephan,,,deborahjoey@photoaim.com,cGFzc3dvcmQ=
namharbison4514,,,nam_harbison12@serialnaruskom.ru,cGFzc3dvcmQ=
nanceecovington,,,marsha@b.homeimprovements.site,cGFzc3dvcmQ=
nanceeheilman0,,,nancee_heilman@serialnaruskom.ru,cGFzc3dvcmQ=
nannettecourts,,,nannette.courts57@kinomegogoo.ru,cGFzc3dvcmQ=
nannietruong,,,r.e.b.o.rder.pa.sser.et@gmail.com,cGFzc3dvcmQ=
nans35056833,,,bagas@logincbet.asia,cGFzc3dvcmQ=
nathanielpeterse,,,nathaniel_petersen@8filmov.ru,cGFzc3dvcmQ=
natishafong0699,,,fitriana@logincbet.asia,cGFzc3dvcmQ=
NAVNIT,,SHAH,nps_mumbai7@hotmail.com,cGFzc3dvcmQ=
nickkong2880800,,,nick.kong79@8filmov.ru,cGFzc3dvcmQ=
Nidheesh,,,pnrg6786@gmail.com,cGFzc3dvcmQ=
Nikhil,,Mehta,r.b.mehta.co@gmail.com,cGFzc3dvcmQ=
nkdernie906,,,ernie-pinckney33@serialnaruskom.ru,cGFzc3dvcmQ=
normandw20,,,normand-ericson@8filmov.ru,cGFzc3dvcmQ=
novellacarothers,,,loretteartingerhxje@yahoo.com,cGFzc3dvcmQ=
odellcharles77,,,odell.charles38@serialhd1080.ru,cGFzc3dvcmQ=
odelllipscomb8,,,odell_lipscomb59@kinomegogoo.ru,cGFzc3dvcmQ=
oliviarule93820,,,oliviarule34@pound.pumez.com,cGFzc3dvcmQ=
orvalpeeler6,,,philippine@j.olddog.care,cGFzc3dvcmQ=
oscar61t867,,,oscar-quaife41@serialhd1080.ru,cGFzc3dvcmQ=
otisgarey9,,,otis_garey43@guideheroes.com,cGFzc3dvcmQ=
owckiera843,,,shandeigh@e.hamstercage.online,cGFzc3dvcmQ=
pabloyoo10186511,,,pablo_yoo@watchepisode.ru,cGFzc3dvcmQ=
philipfitzroy5,,,philip.fitzroy@8filmov.ru,cGFzc3dvcmQ=
porterc1039557,,,claudemoodwuha@yahoo.com,cGFzc3dvcmQ=
Prachyi,Raizzada,V,prachi.jd@live.in,cGFzc3dvcmQ=
Priyanka,,Iyer,priyankaiyer46@gmail.com,cGFzc3dvcmQ=
Psychia,,,sangeetasaikia@hotmail.com,cGFzc3dvcmQ=
qhvperry491,,,perry.eisenhower69@8filmov.ru,cGFzc3dvcmQ=
rachelgarland8,,,rachel-garland34@janestrinket.com,cGFzc3dvcmQ=
rahul,,,rahul@test.com,cGFzc3dvcmQ=
raj,,,kjwnfr@FDDF.COM,cGFzc3dvcmQ=
RAJEEV,,,RAJEEV.C.CHAWLA@GMAIL.COM,cGFzc3dvcmQ=
Rama,,Vedashree,vshree@hotmail.com,cGFzc3dvcmQ=
raphaelgarvey4,,,raj@famousnews.site,cGFzc3dvcmQ=
raquelhillyard,,,raquel-hillyard81@serialnaruskom.ru,cGFzc3dvcmQ=
Ratan,,David,rdavid.0911@gmail.com,cGFzc3dvcmQ=
Ratna,G,Manjari,ratna.manjari@gmail.com,cGFzc3dvcmQ=
raulleatherman7,,,raul.leatherman@serialhd1080.ru,cGFzc3dvcmQ=
Ravi,,Devavarapu,ravidevavarapu@gmail.com,cGFzc3dvcmQ=
reaganloader92,,,reagan_loader60@8filmov.ru,cGFzc3dvcmQ=
rebekahgwk,,,mcdonald@olddog.care,cGFzc3dvcmQ=
renasirmans8930,,,katherine@c.indiatravel.network,cGFzc3dvcmQ=
renatopie762585,,,renato_cobbs98@lostfilmhd720.ru,cGFzc3dvcmQ=
retajowett2,,,nbriea5yn56aeg@outlook.com,cGFzc3dvcmQ=
rheafiedler4,,,ethelecamachoxb@yahoo.com,cGFzc3dvcmQ=
richferry235889,,,rich_ferry60@serialnaruskom.ru,cGFzc3dvcmQ=
robyngreenberg,,,robyn-greenberg83@8filmov.ru,cGFzc3dvcmQ=
rockydunbabin,,,rocky-dunbabin@serialnaruskom.ru,cGFzc3dvcmQ=
rodrickhixson4,,,a.z.a.r.a.t.mit.rion.zi.n.t.o.s1.1@gmail.com,cGFzc3dvcmQ=
rolland30d,,,rolland-foreman82@serialnaruskom.ru,cGFzc3dvcmQ=
rosalynpresler,,,willytoy1132@uiscape.com,cGFzc3dvcmQ=
rosemary7627,,,herthagervaselbjo@yahoo.com,cGFzc3dvcmQ=
roseparedes4,,,rose-paredes20@8filmov.ru,cGFzc3dvcmQ=
rossdearborn490,,,ross-dearborn@serialnaruskom.ru,cGFzc3dvcmQ=
roxannerunyon09,,,roxanne_runyon@8filmov.ru,cGFzc3dvcmQ=
roycebaylor212,,,roycebaylor@new.cowsnbullz.com,cGFzc3dvcmQ=
rubinwheare,,,rubin.wheare@janestrinket.com,cGFzc3dvcmQ=
rupesh,,,rupesh@test.com,cGFzc3dvcmQ=
russbohr324127,,,toshiko@a.wifisolarcamera.store,cGFzc3dvcmQ=
russelldalgleish,,,russell_dalgleish@serialnaruskom.ru,cGFzc3dvcmQ=
salinabrandt,,,silvana@g.hamsterbreeeding.com,cGFzc3dvcmQ=
sallyn9055,,,sallyfreeland95@idea.blurelizer.com,cGFzc3dvcmQ=
sandygantt545,,,sandygantt2@pound.pumez.com,cGFzc3dvcmQ=
Sarika,,,tanveerinamdar4@gmail.com,cGFzc3dvcmQ=
saurav,,,sauravcse07@gmail.com,cGFzc3dvcmQ=
saurav,,kumar,saurav@gmail.com,cGFzc3dvcmQ=
sauravnew,,,sameersaurav07@gmail.com,cGFzc3dvcmQ=
savannahguzman,,,savannah.guzman34@8filmov.ru,cGFzc3dvcmQ=
selenestorm9,,,selene.storm86@8filmov.ru,cGFzc3dvcmQ=
shannahorst302,,,shanna_horst33@8filmov.ru,cGFzc3dvcmQ=
shantae89j,,,shantae-mcnicoll@tempr.email,cGFzc3dvcmQ=
shantellhepp8,,,bradleyheck4353@tempes.gq,cGFzc3dvcmQ=
shaunan73575466,,,shauna-lamm29@serialnaruskom.ru,cGFzc3dvcmQ=
sheilasavage,,,sheila.savage86@8filmov.ru,cGFzc3dvcmQ=
sheldonbecerra,,,sheldon.becerra23@serialnaruskom.ru,cGFzc3dvcmQ=
shelliekw2253,,,shelli_samuels@janestrinket.com,cGFzc3dvcmQ=
sherriesmyth65,,,sherrie_smyth@serialnaruskom.ru,cGFzc3dvcmQ=
sherrypridgen89,,,gudequciz@zookeepers.co.uk,cGFzc3dvcmQ=
Shivi,,Singh,shivi1211singh@gmail.com,cGFzc3dvcmQ=
Shshank,,Pundir,shshank.pundir@gmail.com,cGFzc3dvcmQ=
siddhartha,,,siddhartha.bharti1@gmail.com,cGFzc3dvcmQ=
simonehardie55,,,simone.hardie@kinosmotretonline.ru,cGFzc3dvcmQ=
simonepainter,,,myrtia@a.gsasearchenginerankerhelp.com,cGFzc3dvcmQ=
skwjacinto,,,jacintocarney27@short.mixwi.com,cGFzc3dvcmQ=
Sonali,,Singh,sonali.singh@protonmail.ch,cGFzc3dvcmQ=
soniacaban990,,,sonia_caban@serialnaruskom.ru,cGFzc3dvcmQ=
Srija,,Thanniru,thannirusrija@gmail.com,cGFzc3dvcmQ=
SRINIVAS,,PAI,SRINIVASPAI66@YAHOO.COM,cGFzc3dvcmQ=
stepaniecomeau,,,zsa@gsavps.xyz,cGFzc3dvcmQ=
stephanbeltran,,,stephan.beltran42@amazonru.ru,cGFzc3dvcmQ=
stephendns,,,stephen.bellasis53@seriaonline.ru,cGFzc3dvcmQ=
stuartbock432,,,stuart.bock@tempr.email,cGFzc3dvcmQ=
Suneetha,,Prasanna,suneetha.prasanna@gmail.com,cGFzc3dvcmQ=
Sunil,,Agarwal,sunil.aggi@gmail.com,cGFzc3dvcmQ=
sushil,,,skb@bhasin.in,cGFzc3dvcmQ=
Sushil,,Oswal,mahavirelectronic@gmail.com,cGFzc3dvcmQ=
suzannepoland61,,,suzanne_poland70@serialnaruskom.ru,cGFzc3dvcmQ=
swenoliveira627,,,swen_oliveira83@serialhd1080.ru,cGFzc3dvcmQ=
tammiefifield,,,tammie_fifield14@lostfilmhd720.ru,cGFzc3dvcmQ=
tammycorlis5,,,tayna@zawrotnyinternet.pl,cGFzc3dvcmQ=
tarah65232642163,,,tarah.lavin40@lostfilmhd720.ru,cGFzc3dvcmQ=
terifrodsham6,,,teri_frodsham36@kinomegogoo.ru,cGFzc3dvcmQ=
terri49049,,,terri_liddell80@8filmov.ru,cGFzc3dvcmQ=
terrilevay4,,,terri-levay@serialnaruskom.ru,cGFzc3dvcmQ=
test,,,test@gmail.com,cGFzc3dvcmQ=
test,,test,testttttttttttttttt@gmail.com,cGFzc3dvcmQ=
Test,,Test,test@test.com,cGFzc3dvcmQ=
tiaabreu45,,,tia_abreu79@serialnaruskom.ru,cGFzc3dvcmQ=
tiffany77e,,,tiffany-oliveira12@tempr.email,cGFzc3dvcmQ=
tillytunnecliffe,,,tilly-tunnecliffe@serialnaruskom.ru,cGFzc3dvcmQ=
trevorhargett4,,,trevor.hargett@su.dylanprotool.ga,cGFzc3dvcmQ=
treypvr776423076,,,trey.jury@usgeek.org,cGFzc3dvcmQ=
Uma,,Valluri,umavalluri@gmail.com,cGFzc3dvcmQ=
Ursula,,Edginton,ursulaedge@gmail.com,cGFzc3dvcmQ=
uscaleisha,,,aleisha.wroblewski@tempr.email,cGFzc3dvcmQ=
Vaibhav,,Munot,vmunot@hotmail.com,cGFzc3dvcmQ=
valenciadraper,,,valencia-draper59@serialhd1080.ru,cGFzc3dvcmQ=
valeriajra,,,zhanaydarova.ella@mail.ru,cGFzc3dvcmQ=
valorie72y,,,valorie.busby56@serialhd1080.ru,cGFzc3dvcmQ=
vanjoris651,,,van-joris14@amazonru.ru,cGFzc3dvcmQ=
Varsha,,Krishnagiri,varshakrishnagiri@gmail.com,cGFzc3dvcmQ=
venettaandrade5,,,venetta-andrade27@serialhd1080.ru,cGFzc3dvcmQ=
venettafirkins0,,,ronniesforzaxehs@yahoo.com,cGFzc3dvcmQ=
venuslankford76,,,venus.lankford@serialnaruskom.ru,cGFzc3dvcmQ=
Vijayamahantesh,,Yargal,goalvijay1@gmail.com,cGFzc3dvcmQ=
virgie1875,,,virgie.sturgeon1@8filmov.ru,cGFzc3dvcmQ=
virginiaweed027,,,virginia-weed62@janestrinket.com,cGFzc3dvcmQ=
vivianbrinkley,,,vivian-brinkley42@8filmov.ru,cGFzc3dvcmQ=
wadeloughman95,,,wade-loughman@serialnaruskom.ru,cGFzc3dvcmQ=
wadespafford8,,,wade-spafford@serialnaruskom.ru,cGFzc3dvcmQ=
wdweve03559138,,,eve_vargas76@tempr.email,cGFzc3dvcmQ=
wendistonor785,,,wendi-stonor@serialnaruskom.ru,cGFzc3dvcmQ=
wernerivv47,,,wernercraig47@pound.pumez.com,cGFzc3dvcmQ=
whitneyboreham,,,putskova.lelya@mail.ru,cGFzc3dvcmQ=
wildal645059748,,,wilda.ullathorne@serialhd1080.ru,cGFzc3dvcmQ=
wilhelminaacker,,,wilhelmina_acker3@8filmov.ru,cGFzc3dvcmQ=
Willy,,Oppenheim,willy@omprakash.org,cGFzc3dvcmQ=
wiltonlumpkins0,,,wilton_lumpkins97@serialhd1080.ru,cGFzc3dvcmQ=
winfred14x,,,winfred-mcgehee@8filmov.ru,cGFzc3dvcmQ=
xzzbrent97361,,,fixphoto.presetsde97@gmail.com,cGFzc3dvcmQ=
Yamini,,Sawant,sawant.yamini@gmail.com,cGFzc3dvcmQ=
yarmaynard,,,maynard.reynoso26@serialnaruskom.ru,cGFzc3dvcmQ=
yettatrego,,,r.eb.o.r.de.r.pas.sere.t@gmail.com,cGFzc3dvcmQ=
zenaidamendelsoh,,,bethany@i.wirelessphonecharger.club,cGFzc3dvcmQ=
zkqgilda883,,,gilda_loy25@8filmov.ru,cGFzc3dvcmQ=
zztsharyn3446329,,,ananda@logincbet.asia,cGFzc3dvcmQ=
